BOOKMAKER,CATEGORY,NAME,OVER/UNDER,LINE,ODDS,COMMENCE_TIME,LAST_UPDATE
PrizePicks,player_points,Donovan Mitchell,Over,27.5,-137,2025-11-14,2025-11-13T18:04:13Z
PrizePicks,player_points,Donovan Mitchell,Under,27.5,-137,2025-11-14,2025-11-13T18:04:13Z
PrizePicks,player_points,Brandon Ingram,Over,20.0,-137,2025-11-14,2025-11-13T18:04:13Z
PrizePicks,player_points,Brandon Ingram,Under,20.0,-137,2025-11-14,2025-11-13T18:04:13Z
PrizePicks,player_points,Evan Mobley,Over,19.5,-137,2025-11-14,2025-11-13T18:04:13Z
PrizePicks,player_points,Evan Mobley,Under,19.5,-137,2025-11-14,2025-11-13T18:04:13Z
PrizePicks,player_points,R.J. Barrett,Over,19.5,-137,2025-11-14,2025-11-13T18:04:13Z
PrizePicks,player_points,R.J. Barrett,Under,19.5,-137,2025-11-14,2025-11-13T18:04:13Z
PrizePicks,player_points,De'Andre Hunter,Over,18.5,-137,2025-11-14,2025-11-13T18:04:13Z
PrizePicks,player_points,De'Andre Hunter,Under,18.5,-137,2025-11-14,2025-11-13T18:04:13Z
PrizePicks,player_points,Scottie Barnes,Over,17.5,-137,2025-11-14,2025-11-13T18:04:13Z
PrizePicks,player_points,Scottie Barnes,Under,17.5,-137,2025-11-14,2025-11-13T18:04:13Z
PrizePicks,player_points,Immanuel Quickley,Over,15.5,-137,2025-11-14,2025-11-13T18:04:13Z
PrizePicks,player_points,Immanuel Quickley,Under,15.5,-137,2025-11-14,2025-11-13T18:04:13Z
PrizePicks,player_points,Jarrett Allen,Over,14.5,-137,2025-11-14,2025-11-13T18:04:13Z
PrizePicks,player_points,Jarrett Allen,Under,14.5,-137,2025-11-14,2025-11-13T18:04:13Z
PrizePicks,player_points,Sam Merrill,Over,10.5,-137,2025-11-14,2025-11-13T18:04:13Z
PrizePicks,player_points,Sam Merrill,Under,10.5,-137,2025-11-14,2025-11-13T18:04:13Z
PrizePicks,player_points,Jakob Poeltl,Over,9.5,-137,2025-11-14,2025-11-13T18:04:13Z
PrizePicks,player_points,Jakob Poeltl,Under,9.5,-137,2025-11-14,2025-11-13T18:04:13Z
PrizePicks,player_points,Sandro Mamukelashvili,Over,8.5,-137,2025-11-14,2025-11-13T18:04:13Z
PrizePicks,player_points,Sandro Mamukelashvili,Under,8.5,-137,2025-11-14,2025-11-13T18:04:13Z
PrizePicks,player_points,Collin Murray-Boyles,Over,7.5,-137,2025-11-14,2025-11-13T18:04:13Z
PrizePicks,player_points,Collin Murray-Boyles,Under,7.5,-137,2025-11-14,2025-11-13T18:04:13Z
PrizePicks,player_points,Gradey Dick,Over,7.5,-137,2025-11-14,2025-11-13T18:04:13Z
PrizePicks,player_points,Gradey Dick,Under,7.5,-137,2025-11-14,2025-11-13T18:04:13Z
PrizePicks,player_points,Jamal Shead,Over,5.5,-137,2025-11-14,2025-11-13T18:04:13Z
PrizePicks,player_points,Jamal Shead,Under,5.5,-137,2025-11-14,2025-11-13T18:04:13Z
PrizePicks,player_points,Lauri Markkanen,Over,25.5,-137,2025-11-14,2025-11-13T18:04:23Z
PrizePicks,player_points,Lauri Markkanen,Under,25.5,-137,2025-11-14,2025-11-13T18:04:23Z
PrizePicks,player_points,Jalen Johnson,Over,20.5,-137,2025-11-14,2025-11-13T18:04:23Z
PrizePicks,player_points,Jalen Johnson,Under,20.5,-137,2025-11-14,2025-11-13T18:04:23Z
PrizePicks,player_points,Keyonte George,Over,19.5,-137,2025-11-14,2025-11-13T18:04:23Z
PrizePicks,player_points,Keyonte George,Under,19.5,-137,2025-11-14,2025-11-13T18:04:23Z
PrizePicks,player_points,Nickeil Alexander-Walker,Over,17.5,-137,2025-11-14,2025-11-13T18:04:23Z
PrizePicks,player_points,Nickeil Alexander-Walker,Under,17.5,-137,2025-11-14,2025-11-13T18:04:23Z
PrizePicks,player_points,Onyeka Okongwu,Over,15.5,-137,2025-11-14,2025-11-13T18:04:23Z
PrizePicks,player_points,Onyeka Okongwu,Under,15.5,-137,2025-11-14,2025-11-13T18:04:23Z
PrizePicks,player_points,Dyson Daniels,Over,14.5,-137,2025-11-14,2025-11-13T18:04:23Z
PrizePicks,player_points,Dyson Daniels,Under,14.5,-137,2025-11-14,2025-11-13T18:04:23Z
PrizePicks,player_points,Zaccharie Risacher,Over,13.5,-137,2025-11-14,2025-11-13T18:04:23Z
PrizePicks,player_points,Zaccharie Risacher,Under,13.5,-137,2025-11-14,2025-11-13T18:04:23Z
PrizePicks,player_points,Ace Bailey,Over,11.5,-137,2025-11-14,2025-11-13T18:04:23Z
PrizePicks,player_points,Ace Bailey,Under,11.5,-137,2025-11-14,2025-11-13T18:04:23Z
PrizePicks,player_points,Jusuf Nurkic,Over,10.5,-137,2025-11-14,2025-11-13T18:04:23Z
PrizePicks,player_points,Jusuf Nurkic,Under,10.5,-137,2025-11-14,2025-11-13T18:04:23Z
PrizePicks,player_points,Svi Mykhailiuk,Over,9.5,-137,2025-11-14,2025-11-13T18:04:23Z
PrizePicks,player_points,Svi Mykhailiuk,Under,9.5,-137,2025-11-14,2025-11-13T18:04:23Z
PrizePicks,player_points,Kyle Filipowski,Over,9.5,-137,2025-11-14,2025-11-13T18:04:23Z
PrizePicks,player_points,Kyle Filipowski,Under,9.5,-137,2025-11-14,2025-11-13T18:04:23Z
PrizePicks,player_points,Luke Kennard,Over,9.5,-137,2025-11-14,2025-11-13T18:04:23Z
PrizePicks,player_points,Luke Kennard,Under,9.5,-137,2025-11-14,2025-11-13T18:04:23Z
PrizePicks,player_points,Svi Mykhailiuk,Over,9.0,-137,2025-11-14,2025-11-13T18:04:23Z
PrizePicks,player_points,Svi Mykhailiuk,Under,9.0,-137,2025-11-14,2025-11-13T18:04:23Z
PrizePicks,player_points,Isaiah Collier,Over,8.5,-137,2025-11-14,2025-11-13T18:04:23Z
PrizePicks,player_points,Isaiah Collier,Under,8.5,-137,2025-11-14,2025-11-13T18:04:23Z
PrizePicks,player_points,Isaiah Collier,Over,8.5,-137,2025-11-14,2025-11-13T18:04:23Z
PrizePicks,player_points,Isaiah Collier,Under,8.5,-137,2025-11-14,2025-11-13T18:04:23Z
PrizePicks,player_points,Brice Sensabaugh,Over,8.5,-137,2025-11-14,2025-11-13T18:04:23Z
PrizePicks,player_points,Brice Sensabaugh,Under,8.5,-137,2025-11-14,2025-11-13T18:04:23Z
PrizePicks,player_points,Walter Clayton Jr.,Over,5.5,-137,2025-11-14,2025-11-13T18:04:23Z
PrizePicks,player_points,Walter Clayton Jr.,Under,5.5,-137,2025-11-14,2025-11-13T18:04:23Z
PrizePicks,player_points,Walter Clayton Jr.,Over,5.0,-137,2025-11-14,2025-11-13T18:04:23Z
PrizePicks,player_points,Walter Clayton Jr.,Under,5.0,-137,2025-11-14,2025-11-13T18:04:23Z
PrizePicks,player_points,Devin Booker,Over,28.5,-137,2025-11-14,2025-11-13T18:04:37Z
PrizePicks,player_points,Devin Booker,Under,28.5,-137,2025-11-14,2025-11-13T18:04:37Z
PrizePicks,player_points,Pascal Siakam,Over,25.5,-137,2025-11-14,2025-11-13T18:04:37Z
PrizePicks,player_points,Pascal Siakam,Under,25.5,-137,2025-11-14,2025-11-13T18:04:37Z
PrizePicks,player_points,Dillon Brooks,Over,16.5,-137,2025-11-14,2025-11-13T18:04:37Z
PrizePicks,player_points,Dillon Brooks,Under,16.5,-137,2025-11-14,2025-11-13T18:04:37Z
PrizePicks,player_points,Aaron Nesmith,Over,16.5,-137,2025-11-14,2025-11-13T18:04:37Z
PrizePicks,player_points,Aaron Nesmith,Under,16.5,-137,2025-11-14,2025-11-13T18:04:37Z
PrizePicks,player_points,Andrew Nembhard,Over,16.5,-137,2025-11-14,2025-11-13T18:04:37Z
PrizePicks,player_points,Andrew Nembhard,Under,16.5,-137,2025-11-14,2025-11-13T18:04:37Z
PrizePicks,player_points,Grayson Allen,Over,16.5,-137,2025-11-14,2025-11-13T18:04:37Z
PrizePicks,player_points,Grayson Allen,Under,16.5,-137,2025-11-14,2025-11-13T18:04:37Z
PrizePicks,player_points,Royce O'Neale,Over,10.5,-137,2025-11-14,2025-11-13T18:04:37Z
PrizePicks,player_points,Royce O'Neale,Under,10.5,-137,2025-11-14,2025-11-13T18:04:37Z
PrizePicks,player_points,Jarace Walker,Over,9.5,-137,2025-11-14,2025-11-13T18:04:37Z
PrizePicks,player_points,Jarace Walker,Under,9.5,-137,2025-11-14,2025-11-13T18:04:37Z
PrizePicks,player_points,T.J. McConnell,Over,9.5,-137,2025-11-14,2025-11-13T18:04:37Z
PrizePicks,player_points,T.J. McConnell,Under,9.5,-137,2025-11-14,2025-11-13T18:04:37Z
PrizePicks,player_points,Collin Gillespie,Over,9.5,-137,2025-11-14,2025-11-13T18:04:37Z
PrizePicks,player_points,Collin Gillespie,Under,9.5,-137,2025-11-14,2025-11-13T18:04:37Z
PrizePicks,player_points,Isaiah Jackson,Over,8.0,-137,2025-11-14,2025-11-13T18:04:37Z
PrizePicks,player_points,Isaiah Jackson,Under,8.0,-137,2025-11-14,2025-11-13T18:04:37Z
PrizePicks,player_points,Ryan Dunn,Over,7.5,-137,2025-11-14,2025-11-13T18:04:37Z
PrizePicks,player_points,Ryan Dunn,Under,7.5,-137,2025-11-14,2025-11-13T18:04:37Z
PrizePicks,player_points,Ben Sheppard,Over,6.0,-137,2025-11-14,2025-11-13T18:04:37Z
PrizePicks,player_points,Ben Sheppard,Under,6.0,-137,2025-11-14,2025-11-13T18:04:37Z
PrizePicks,player_points,Oso Ighodaro,Over,5.5,-137,2025-11-14,2025-11-13T18:04:37Z
PrizePicks,player_points,Oso Ighodaro,Under,5.5,-137,2025-11-14,2025-11-13T18:04:37Z
Underdog,player_points,Scottie Barnes,Over,17.5,-137,2025-11-14,2025-11-13T18:07:04Z
Underdog,player_points,Scottie Barnes,Under,17.5,-137,2025-11-14,2025-11-13T18:07:04Z
Underdog,player_points,Brandon Ingram,Over,19.5,-137,2025-11-14,2025-11-13T18:07:04Z
Underdog,player_points,Brandon Ingram,Under,19.5,-137,2025-11-14,2025-11-13T18:07:04Z
Underdog,player_points,Evan Mobley,Over,19.5,-137,2025-11-14,2025-11-13T18:07:04Z
Underdog,player_points,Evan Mobley,Under,19.5,-137,2025-11-14,2025-11-13T18:07:04Z
Underdog,player_points,Immanuel Quickley,Over,15.5,-137,2025-11-14,2025-11-13T18:07:04Z
Underdog,player_points,Immanuel Quickley,Under,15.5,-137,2025-11-14,2025-11-13T18:07:04Z
Underdog,player_points,R.J. Barrett,Over,19.5,-137,2025-11-14,2025-11-13T18:07:04Z
Underdog,player_points,R.J. Barrett,Under,19.5,-137,2025-11-14,2025-11-13T18:07:04Z
Underdog,player_points,Gradey Dick,Over,7.5,-137,2025-11-14,2025-11-13T18:07:04Z
Underdog,player_points,Gradey Dick,Under,7.5,-137,2025-11-14,2025-11-13T18:07:04Z
Underdog,player_points,Jarrett Allen,Over,14.5,-137,2025-11-14,2025-11-13T18:07:04Z
Underdog,player_points,Jarrett Allen,Under,14.5,-137,2025-11-14,2025-11-13T18:07:04Z
Underdog,player_points,Jakob Poeltl,Over,9.5,-137,2025-11-14,2025-11-13T18:07:04Z
Underdog,player_points,Jakob Poeltl,Under,9.5,-137,2025-11-14,2025-11-13T18:07:04Z
Underdog,player_points,De'Andre Hunter,Over,18.5,-137,2025-11-14,2025-11-13T18:07:04Z
Underdog,player_points,De'Andre Hunter,Under,18.5,-137,2025-11-14,2025-11-13T18:07:04Z
Underdog,player_points,Jamal Shead,Over,5.5,-137,2025-11-14,2025-11-13T18:07:04Z
Underdog,player_points,Jamal Shead,Under,5.5,-137,2025-11-14,2025-11-13T18:07:04Z
Underdog,player_points,Sandro Mamukelashvili,Over,8.5,-137,2025-11-14,2025-11-13T18:07:04Z
Underdog,player_points,Sandro Mamukelashvili,Under,8.5,-137,2025-11-14,2025-11-13T18:07:04Z
Underdog,player_points,Collin Murray-Boyles,Over,7.5,-137,2025-11-14,2025-11-13T18:07:04Z
Underdog,player_points,Collin Murray-Boyles,Under,7.5,-137,2025-11-14,2025-11-13T18:07:04Z
Underdog,player_points,Sam Merrill,Over,10.5,-137,2025-11-14,2025-11-13T18:07:04Z
Underdog,player_points,Sam Merrill,Under,10.5,-137,2025-11-14,2025-11-13T18:07:04Z
Underdog,player_points,Keyonte George,Over,19.5,-137,2025-11-14,2025-11-13T18:07:06Z
Underdog,player_points,Keyonte George,Under,19.5,-137,2025-11-14,2025-11-13T18:07:06Z
Underdog,player_points,Lauri Markkanen,Over,25.5,-137,2025-11-14,2025-11-13T18:07:06Z
Underdog,player_points,Lauri Markkanen,Under,25.5,-137,2025-11-14,2025-11-13T18:07:06Z
Underdog,player_points,Jalen Johnson,Over,20.5,-137,2025-11-14,2025-11-13T18:07:06Z
Underdog,player_points,Jalen Johnson,Under,20.5,-137,2025-11-14,2025-11-13T18:07:06Z
Underdog,player_points,Ace Bailey,Over,11.5,-137,2025-11-14,2025-11-13T18:07:06Z
Underdog,player_points,Ace Bailey,Under,11.5,-137,2025-11-14,2025-11-13T18:07:06Z
Underdog,player_points,Jusuf Nurkic,Over,10.5,-137,2025-11-14,2025-11-13T18:07:06Z
Underdog,player_points,Jusuf Nurkic,Under,10.5,-137,2025-11-14,2025-11-13T18:07:06Z
Underdog,player_points,Luke Kennard,Over,9.5,-137,2025-11-14,2025-11-13T18:07:06Z
Underdog,player_points,Luke Kennard,Under,9.5,-137,2025-11-14,2025-11-13T18:07:06Z
Underdog,player_points,Onyeka Okongwu,Over,15.5,-137,2025-11-14,2025-11-13T18:07:06Z
Underdog,player_points,Onyeka Okongwu,Under,15.5,-137,2025-11-14,2025-11-13T18:07:06Z
Underdog,player_points,Isaiah Collier,Over,8.5,-137,2025-11-14,2025-11-13T18:07:06Z
Underdog,player_points,Isaiah Collier,Under,8.5,-137,2025-11-14,2025-11-13T18:07:06Z
Underdog,player_points,Pascal Siakam,Over,25.5,-137,2025-11-14,2025-11-13T18:07:18Z
Underdog,player_points,Pascal Siakam,Under,25.5,-137,2025-11-14,2025-11-13T18:07:18Z
Underdog,player_points,Andrew Nembhard,Over,16.5,-137,2025-11-14,2025-11-13T18:07:18Z
Underdog,player_points,Andrew Nembhard,Under,16.5,-137,2025-11-14,2025-11-13T18:07:18Z
Underdog,player_points,Aaron Nesmith,Over,16.5,-137,2025-11-14,2025-11-13T18:07:18Z
Underdog,player_points,Aaron Nesmith,Under,16.5,-137,2025-11-14,2025-11-13T18:07:18Z
Underdog,player_points,Grayson Allen,Over,16.5,-137,2025-11-14,2025-11-13T18:07:18Z
Underdog,player_points,Grayson Allen,Under,16.5,-137,2025-11-14,2025-11-13T18:07:18Z
Underdog,player_points,T.J. McConnell,Over,9.5,-137,2025-11-14,2025-11-13T18:07:18Z
Underdog,player_points,T.J. McConnell,Under,9.5,-137,2025-11-14,2025-11-13T18:07:18Z
Underdog,player_points,Ryan Dunn,Over,7.5,-137,2025-11-14,2025-11-13T18:07:18Z
Underdog,player_points,Ryan Dunn,Under,7.5,-137,2025-11-14,2025-11-13T18:07:18Z
Underdog,player_points,Oso Ighodaro,Over,5.5,-137,2025-11-14,2025-11-13T18:07:18Z
Underdog,player_points,Oso Ighodaro,Under,5.5,-137,2025-11-14,2025-11-13T18:07:18Z
Underdog,player_points,Ben Sheppard,Over,5.5,-137,2025-11-14,2025-11-13T18:07:18Z
Underdog,player_points,Ben Sheppard,Under,5.5,-137,2025-11-14,2025-11-13T18:07:18Z
DraftKings Pick6,player_points,Brandon Ingram,Over,20.5,-137,2025-11-14,2025-11-13T18:07:32Z
DraftKings Pick6,player_points,Brandon Ingram,Under,20.5,-137,2025-11-14,2025-11-13T18:07:32Z
DraftKings Pick6,player_points,Lauri Markkanen,Over,25.5,-137,2025-11-14,2025-11-13T18:07:32Z
DraftKings Pick6,player_points,Lauri Markkanen,Under,25.5,-137,2025-11-14,2025-11-13T18:07:32Z
DraftKings Pick6,player_points,Jalen Johnson,Over,20.5,-137,2025-11-14,2025-11-13T18:07:32Z
DraftKings Pick6,player_points,Jalen Johnson,Under,20.5,-137,2025-11-14,2025-11-13T18:07:32Z
DraftKings Pick6,player_points,Devin Booker,Over,28.5,-137,2025-11-14,2025-11-13T18:06:33Z
DraftKings Pick6,player_points,Devin Booker,Under,28.5,-137,2025-11-14,2025-11-13T18:06:33Z
PrizePicks,player_rebounds,Evan Mobley,Over,10.0,-137,2025-11-14,2025-11-13T18:04:13Z
PrizePicks,player_rebounds,Evan Mobley,Under,10.0,-137,2025-11-14,2025-11-13T18:04:13Z
PrizePicks,player_rebounds,Jakob Poeltl,Over,8.5,-137,2025-11-14,2025-11-13T18:04:13Z
PrizePicks,player_rebounds,Jakob Poeltl,Under,8.5,-137,2025-11-14,2025-11-13T18:04:13Z
PrizePicks,player_rebounds,Jarrett Allen,Over,8.0,-137,2025-11-14,2025-11-13T18:04:13Z
PrizePicks,player_rebounds,Jarrett Allen,Under,8.0,-137,2025-11-14,2025-11-13T18:04:13Z
PrizePicks,player_rebounds,Scottie Barnes,Over,7.0,-137,2025-11-14,2025-11-13T18:04:13Z
PrizePicks,player_rebounds,Scottie Barnes,Under,7.0,-137,2025-11-14,2025-11-13T18:04:13Z
PrizePicks,player_rebounds,Brandon Ingram,Over,5.5,-137,2025-11-14,2025-11-13T18:04:13Z
PrizePicks,player_rebounds,Brandon Ingram,Under,5.5,-137,2025-11-14,2025-11-13T18:04:13Z
PrizePicks,player_rebounds,De'Andre Hunter,Over,5.0,-137,2025-11-14,2025-11-13T18:04:13Z
PrizePicks,player_rebounds,De'Andre Hunter,Under,5.0,-137,2025-11-14,2025-11-13T18:04:13Z
PrizePicks,player_rebounds,R.J. Barrett,Over,5.0,-137,2025-11-14,2025-11-13T18:04:13Z
PrizePicks,player_rebounds,R.J. Barrett,Under,5.0,-137,2025-11-14,2025-11-13T18:04:13Z
PrizePicks,player_rebounds,Collin Murray-Boyles,Over,4.0,-137,2025-11-14,2025-11-13T18:04:13Z
PrizePicks,player_rebounds,Collin Murray-Boyles,Under,4.0,-137,2025-11-14,2025-11-13T18:04:13Z
PrizePicks,player_rebounds,Immanuel Quickley,Over,4.0,-137,2025-11-14,2025-11-13T18:04:13Z
PrizePicks,player_rebounds,Immanuel Quickley,Under,4.0,-137,2025-11-14,2025-11-13T18:04:13Z
PrizePicks,player_rebounds,Sandro Mamukelashvili,Over,4.0,-137,2025-11-14,2025-11-13T18:04:13Z
PrizePicks,player_rebounds,Sandro Mamukelashvili,Under,4.0,-137,2025-11-14,2025-11-13T18:04:13Z
PrizePicks,player_rebounds,Jamal Shead,Over,1.5,-137,2025-11-14,2025-11-13T18:04:13Z
PrizePicks,player_rebounds,Jamal Shead,Under,1.5,-137,2025-11-14,2025-11-13T18:04:13Z
PrizePicks,player_rebounds,Jusuf Nurkic,Over,11.0,-137,2025-11-14,2025-11-13T18:04:23Z
PrizePicks,player_rebounds,Jusuf Nurkic,Under,11.0,-137,2025-11-14,2025-11-13T18:04:23Z
PrizePicks,player_rebounds,Onyeka Okongwu,Over,8.5,-137,2025-11-14,2025-11-13T18:04:23Z
PrizePicks,player_rebounds,Onyeka Okongwu,Under,8.5,-137,2025-11-14,2025-11-13T18:04:23Z
PrizePicks,player_rebounds,Jalen Johnson,Over,8.0,-137,2025-11-14,2025-11-13T18:04:23Z
PrizePicks,player_rebounds,Jalen Johnson,Under,8.0,-137,2025-11-14,2025-11-13T18:04:23Z
PrizePicks,player_rebounds,Dyson Daniels,Over,6.0,-137,2025-11-14,2025-11-13T18:04:23Z
PrizePicks,player_rebounds,Dyson Daniels,Under,6.0,-137,2025-11-14,2025-11-13T18:04:23Z
PrizePicks,player_rebounds,Kyle Filipowski,Over,6.0,-137,2025-11-14,2025-11-13T18:04:23Z
PrizePicks,player_rebounds,Kyle Filipowski,Under,6.0,-137,2025-11-14,2025-11-13T18:04:23Z
PrizePicks,player_rebounds,Lauri Markkanen,Over,6.0,-137,2025-11-14,2025-11-13T18:04:23Z
PrizePicks,player_rebounds,Lauri Markkanen,Under,6.0,-137,2025-11-14,2025-11-13T18:04:23Z
PrizePicks,player_rebounds,Ace Bailey,Over,5.0,-137,2025-11-14,2025-11-13T18:04:23Z
PrizePicks,player_rebounds,Ace Bailey,Under,5.0,-137,2025-11-14,2025-11-13T18:04:23Z
PrizePicks,player_rebounds,Keyonte George,Over,3.5,-137,2025-11-14,2025-11-13T18:04:23Z
PrizePicks,player_rebounds,Keyonte George,Under,3.5,-137,2025-11-14,2025-11-13T18:04:23Z
PrizePicks,player_rebounds,Luke Kennard,Over,2.5,-137,2025-11-14,2025-11-13T18:04:23Z
PrizePicks,player_rebounds,Luke Kennard,Under,2.5,-137,2025-11-14,2025-11-13T18:04:23Z
PrizePicks,player_rebounds,Pascal Siakam,Over,7.0,-137,2025-11-14,2025-11-13T18:04:37Z
PrizePicks,player_rebounds,Pascal Siakam,Under,7.0,-137,2025-11-14,2025-11-13T18:04:37Z
PrizePicks,player_rebounds,Isaiah Jackson,Over,6.0,-137,2025-11-14,2025-11-13T18:04:37Z
PrizePicks,player_rebounds,Isaiah Jackson,Under,6.0,-137,2025-11-14,2025-11-13T18:04:37Z
PrizePicks,player_rebounds,Royce O'Neale,Over,5.5,-137,2025-11-14,2025-11-13T18:04:37Z
PrizePicks,player_rebounds,Royce O'Neale,Under,5.5,-137,2025-11-14,2025-11-13T18:04:37Z
PrizePicks,player_rebounds,Aaron Nesmith,Over,4.5,-137,2025-11-14,2025-11-13T18:04:37Z
PrizePicks,player_rebounds,Aaron Nesmith,Under,4.5,-137,2025-11-14,2025-11-13T18:04:37Z
PrizePicks,player_rebounds,Ryan Dunn,Over,4.5,-137,2025-11-14,2025-11-13T18:04:37Z
PrizePicks,player_rebounds,Ryan Dunn,Under,4.5,-137,2025-11-14,2025-11-13T18:04:37Z
PrizePicks,player_rebounds,Jarace Walker,Over,4.0,-137,2025-11-14,2025-11-13T18:04:37Z
PrizePicks,player_rebounds,Jarace Walker,Under,4.0,-137,2025-11-14,2025-11-13T18:04:37Z
PrizePicks,player_rebounds,Devin Booker,Over,4.0,-137,2025-11-14,2025-11-13T18:04:37Z
PrizePicks,player_rebounds,Devin Booker,Under,4.0,-137,2025-11-14,2025-11-13T18:04:37Z
PrizePicks,player_rebounds,Grayson Allen,Over,3.5,-137,2025-11-14,2025-11-13T18:04:37Z
PrizePicks,player_rebounds,Grayson Allen,Under,3.5,-137,2025-11-14,2025-11-13T18:04:37Z
PrizePicks,player_rebounds,T.J. McConnell,Over,2.5,-137,2025-11-14,2025-11-13T18:04:37Z
PrizePicks,player_rebounds,T.J. McConnell,Under,2.5,-137,2025-11-14,2025-11-13T18:04:37Z
Underdog,player_rebounds,Evan Mobley,Over,9.5,-137,2025-11-14,2025-11-13T18:07:04Z
Underdog,player_rebounds,Evan Mobley,Under,9.5,-137,2025-11-14,2025-11-13T18:07:04Z
Underdog,player_rebounds,Jakob Poeltl,Over,8.5,-137,2025-11-14,2025-11-13T18:07:04Z
Underdog,player_rebounds,Jakob Poeltl,Under,8.5,-137,2025-11-14,2025-11-13T18:07:04Z
Underdog,player_rebounds,Jamal Shead,Over,1.5,-137,2025-11-14,2025-11-13T18:07:04Z
Underdog,player_rebounds,Jamal Shead,Under,1.5,-137,2025-11-14,2025-11-13T18:07:04Z
Underdog,player_rebounds,Sam Merrill,Over,2.5,-137,2025-11-14,2025-11-13T18:07:04Z
Underdog,player_rebounds,Keyonte George,Over,3.5,-137,2025-11-14,2025-11-13T18:07:06Z
Underdog,player_rebounds,Keyonte George,Under,3.5,-137,2025-11-14,2025-11-13T18:07:06Z
Underdog,player_rebounds,Luke Kennard,Over,2.5,-137,2025-11-14,2025-11-13T18:07:06Z
Underdog,player_rebounds,Luke Kennard,Under,2.5,-137,2025-11-14,2025-11-13T18:07:06Z
Underdog,player_rebounds,Onyeka Okongwu,Over,9.5,-137,2025-11-14,2025-11-13T18:07:06Z
Underdog,player_rebounds,Aaron Nesmith,Over,4.5,-137,2025-11-14,2025-11-13T18:07:18Z
Underdog,player_rebounds,Aaron Nesmith,Under,4.5,-137,2025-11-14,2025-11-13T18:07:18Z
Underdog,player_rebounds,T.J. McConnell,Over,2.5,-137,2025-11-14,2025-11-13T18:07:18Z
Underdog,player_rebounds,T.J. McConnell,Under,2.5,-137,2025-11-14,2025-11-13T18:07:18Z
Underdog,player_rebounds,Ryan Dunn,Over,4.5,-137,2025-11-14,2025-11-13T18:07:18Z
Underdog,player_rebounds,Ryan Dunn,Under,4.5,-137,2025-11-14,2025-11-13T18:07:18Z
Underdog,player_rebounds,Oso Ighodaro,Over,3.5,-137,2025-11-14,2025-11-13T18:07:18Z
Underdog,player_rebounds,Oso Ighodaro,Under,3.5,-137,2025-11-14,2025-11-13T18:07:18Z
Underdog,player_rebounds,Collin Gillespie,Over,3.5,-137,2025-11-14,2025-11-13T18:07:18Z
Underdog,player_rebounds,Collin Gillespie,Under,3.5,-137,2025-11-14,2025-11-13T18:07:18Z
DraftKings Pick6,player_rebounds,Jakob Poeltl,Over,8.5,-137,2025-11-14,2025-11-13T17:53:59Z
DraftKings Pick6,player_rebounds,Jakob Poeltl,Under,8.5,-137,2025-11-14,2025-11-13T17:53:59Z
DraftKings Pick6,player_rebounds,Brandon Ingram,Over,5.5,-137,2025-11-14,2025-11-13T17:53:59Z
DraftKings Pick6,player_rebounds,Brandon Ingram,Under,5.5,-137,2025-11-14,2025-11-13T17:53:59Z
DraftKings Pick6,player_rebounds,Scottie Barnes,Over,7.5,-137,2025-11-14,2025-11-13T17:53:59Z
DraftKings Pick6,player_rebounds,Aaron Nesmith,Over,4.5,-137,2025-11-14,2025-11-13T17:54:04Z
DraftKings Pick6,player_rebounds,Aaron Nesmith,Under,4.5,-137,2025-11-14,2025-11-13T17:54:04Z
DraftKings Pick6,player_rebounds,Grayson Allen,Over,3.5,-137,2025-11-14,2025-11-13T17:54:04Z
DraftKings Pick6,player_rebounds,Grayson Allen,Under,3.5,-137,2025-11-14,2025-11-13T17:54:04Z
DraftKings Pick6,player_rebounds,Pascal Siakam,Over,7.5,-137,2025-11-14,2025-11-13T17:54:04Z
PrizePicks,player_assists,Immanuel Quickley,Over,5.5,-137,2025-11-14,2025-11-13T18:04:13Z
PrizePicks,player_assists,Immanuel Quickley,Under,5.5,-137,2025-11-14,2025-11-13T18:04:13Z
PrizePicks,player_assists,Donovan Mitchell,Over,5.5,-137,2025-11-14,2025-11-13T18:04:13Z
PrizePicks,player_assists,Donovan Mitchell,Under,5.5,-137,2025-11-14,2025-11-13T18:04:13Z
PrizePicks,player_assists,Scottie Barnes,Over,5.0,-137,2025-11-14,2025-11-13T18:04:13Z
PrizePicks,player_assists,Scottie Barnes,Under,5.0,-137,2025-11-14,2025-11-13T18:04:13Z
PrizePicks,player_assists,Evan Mobley,Over,4.5,-137,2025-11-14,2025-11-13T18:04:13Z
PrizePicks,player_assists,Evan Mobley,Under,4.5,-137,2025-11-14,2025-11-13T18:04:13Z
PrizePicks,player_assists,Jamal Shead,Over,4.5,-137,2025-11-14,2025-11-13T18:04:13Z
PrizePicks,player_assists,Jamal Shead,Under,4.5,-137,2025-11-14,2025-11-13T18:04:13Z
PrizePicks,player_assists,Brandon Ingram,Over,4.0,-137,2025-11-14,2025-11-13T18:04:13Z
PrizePicks,player_assists,Brandon Ingram,Under,4.0,-137,2025-11-14,2025-11-13T18:04:13Z
PrizePicks,player_assists,Dyson Daniels,Over,7.0,-137,2025-11-14,2025-11-13T18:04:23Z
PrizePicks,player_assists,Dyson Daniels,Under,7.0,-137,2025-11-14,2025-11-13T18:04:23Z
PrizePicks,player_assists,Isaiah Collier,Over,6.0,-137,2025-11-14,2025-11-13T18:04:23Z
PrizePicks,player_assists,Isaiah Collier,Under,6.0,-137,2025-11-14,2025-11-13T18:04:23Z
PrizePicks,player_assists,Keyonte George,Over,6.0,-137,2025-11-14,2025-11-13T18:04:23Z
PrizePicks,player_assists,Keyonte George,Under,6.0,-137,2025-11-14,2025-11-13T18:04:23Z
PrizePicks,player_assists,Jalen Johnson,Over,6.0,-137,2025-11-14,2025-11-13T18:04:23Z
PrizePicks,player_assists,Jalen Johnson,Under,6.0,-137,2025-11-14,2025-11-13T18:04:23Z
PrizePicks,player_assists,Luke Kennard,Over,2.5,-137,2025-11-14,2025-11-13T18:04:23Z
PrizePicks,player_assists,Luke Kennard,Under,2.5,-137,2025-11-14,2025-11-13T18:04:23Z
PrizePicks,player_assists,Andrew Nembhard,Over,7.0,-137,2025-11-14,2025-11-13T18:04:37Z
PrizePicks,player_assists,Andrew Nembhard,Under,7.0,-137,2025-11-14,2025-11-13T18:04:37Z
PrizePicks,player_assists,Devin Booker,Over,7.0,-137,2025-11-14,2025-11-13T18:04:37Z
PrizePicks,player_assists,Devin Booker,Under,7.0,-137,2025-11-14,2025-11-13T18:04:37Z
PrizePicks,player_assists,Pascal Siakam,Over,5.0,-137,2025-11-14,2025-11-13T18:04:37Z
PrizePicks,player_assists,Pascal Siakam,Under,5.0,-137,2025-11-14,2025-11-13T18:04:37Z
PrizePicks,player_assists,Grayson Allen,Over,4.0,-137,2025-11-14,2025-11-13T18:04:37Z
PrizePicks,player_assists,Grayson Allen,Under,4.0,-137,2025-11-14,2025-11-13T18:04:37Z
PrizePicks,player_assists,Jarace Walker,Over,2.5,-137,2025-11-14,2025-11-13T18:04:37Z
PrizePicks,player_assists,Jarace Walker,Under,2.5,-137,2025-11-14,2025-11-13T18:04:37Z
Underdog,player_assists,Donovan Mitchell,Over,5.5,-137,2025-11-14,2025-11-13T18:07:04Z
Underdog,player_assists,Donovan Mitchell,Under,5.5,-137,2025-11-14,2025-11-13T18:07:04Z
Underdog,player_assists,Immanuel Quickley,Over,5.5,-137,2025-11-14,2025-11-13T18:07:04Z
Underdog,player_assists,Immanuel Quickley,Under,5.5,-137,2025-11-14,2025-11-13T18:07:04Z
Underdog,player_assists,Jamal Shead,Over,4.5,-137,2025-11-14,2025-11-13T18:07:04Z
Underdog,player_assists,Jamal Shead,Under,4.5,-137,2025-11-14,2025-11-13T18:07:04Z
Underdog,player_assists,Luke Kennard,Over,2.5,-137,2025-11-14,2025-11-13T18:07:06Z
Underdog,player_assists,Luke Kennard,Under,2.5,-137,2025-11-14,2025-11-13T18:07:06Z
Underdog,player_assists,Onyeka Okongwu,Over,2.5,-137,2025-11-14,2025-11-13T18:07:06Z
Underdog,player_assists,Onyeka Okongwu,Under,2.5,-137,2025-11-14,2025-11-13T18:07:06Z
Underdog,player_assists,Svi Mykhailiuk,Over,2.5,-137,2025-11-14,2025-11-13T18:07:06Z
Underdog,player_assists,Walter Clayton Jr.,Over,2.5,-137,2025-11-14,2025-11-13T18:07:06Z
Underdog,player_assists,Walter Clayton Jr.,Under,2.5,-137,2025-11-14,2025-11-13T18:07:06Z
PrizePicks,player_threes,Collin Murray-Boyles,Over,0.5,-137,2025-11-14,2025-11-13T18:04:13Z
PrizePicks,player_threes,Collin Murray-Boyles,Under,0.5,-137,2025-11-14,2025-11-13T18:04:13Z
PrizePicks,player_threes,Isaiah Collier,Over,0.5,-137,2025-11-14,2025-11-13T18:04:23Z
PrizePicks,player_threes,Isaiah Collier,Under,0.5,-137,2025-11-14,2025-11-13T18:04:23Z
Underdog,player_threes,Brandon Ingram,Over,1.5,-137,2025-11-14,2025-11-13T18:07:04Z
Underdog,player_threes,Brandon Ingram,Under,1.5,-137,2025-11-14,2025-11-13T18:07:04Z
Underdog,player_threes,Collin Murray-Boyles,Over,0.5,-137,2025-11-14,2025-11-13T18:07:04Z
Underdog,player_threes,Collin Murray-Boyles,Under,0.5,-137,2025-11-14,2025-11-13T18:07:04Z
Underdog,player_threes,Isaiah Collier,Over,0.5,-137,2025-11-14,2025-11-13T18:07:06Z
Underdog,player_threes,Isaiah Collier,Under,0.5,-137,2025-11-14,2025-11-13T18:07:06Z
Underdog,player_threes,Pascal Siakam,Over,1.5,-137,2025-11-14,2025-11-13T18:07:18Z
Underdog,player_threes,Pascal Siakam,Under,1.5,-137,2025-11-14,2025-11-13T18:07:18Z
Underdog,player_threes,Grayson Allen,Over,3.5,-137,2025-11-14,2025-11-13T18:07:18Z
Underdog,player_threes,Grayson Allen,Under,3.5,-137,2025-11-14,2025-11-13T18:07:18Z
DraftKings Pick6,player_threes,Immanuel Quickley,Over,2.5,-137,2025-11-14,2025-11-13T18:07:32Z
DraftKings Pick6,player_threes,Dillon Brooks,Over,2.5,-137,2025-11-14,2025-11-13T17:54:04Z
DraftKings Pick6,player_threes,Pascal Siakam,Over,1.5,-137,2025-11-14,2025-11-13T17:54:04Z
DraftKings Pick6,player_threes,Pascal Siakam,Under,1.5,-137,2025-11-14,2025-11-13T17:54:04Z
PrizePicks,player_blocks,Brandon Ingram,Over,0.5,-137,2025-11-14,2025-11-13T18:04:13Z
PrizePicks,player_blocks,Brandon Ingram,Under,0.5,-137,2025-11-14,2025-11-13T18:04:13Z
PrizePicks,player_blocks,Jusuf Nurkic,Over,0.5,-137,2025-11-14,2025-11-13T18:04:23Z
PrizePicks,player_blocks,Jusuf Nurkic,Under,0.5,-137,2025-11-14,2025-11-13T18:04:23Z
PrizePicks,player_blocks,Nickeil Alexander-Walker,Over,0.5,-137,2025-11-14,2025-11-13T18:04:23Z
PrizePicks,player_blocks,Nickeil Alexander-Walker,Under,0.5,-137,2025-11-14,2025-11-13T18:04:23Z
PrizePicks,player_blocks,Oso Ighodaro,Over,0.5,-137,2025-11-14,2025-11-13T18:04:37Z
PrizePicks,player_blocks,Oso Ighodaro,Under,0.5,-137,2025-11-14,2025-11-13T18:04:37Z
Underdog,player_blocks,Evan Mobley,Over,1.5,-137,2025-11-14,2025-11-13T18:07:04Z
Underdog,player_blocks,Evan Mobley,Under,1.5,-137,2025-11-14,2025-11-13T18:07:04Z
PrizePicks,player_steals,Jamal Shead,Over,0.5,-137,2025-11-14,2025-11-13T18:04:13Z
PrizePicks,player_steals,Jamal Shead,Under,0.5,-137,2025-11-14,2025-11-13T18:04:13Z
PrizePicks,player_steals,Kyle Filipowski,Over,0.5,-137,2025-11-14,2025-11-13T18:04:23Z
PrizePicks,player_steals,Kyle Filipowski,Under,0.5,-137,2025-11-14,2025-11-13T18:04:23Z
PrizePicks,player_steals,Jarace Walker,Over,0.5,-137,2025-11-14,2025-11-13T18:04:37Z
PrizePicks,player_steals,Jarace Walker,Under,0.5,-137,2025-11-14,2025-11-13T18:04:37Z
PrizePicks,player_steals,T.J. McConnell,Over,0.5,-137,2025-11-14,2025-11-13T18:04:37Z
PrizePicks,player_steals,T.J. McConnell,Under,0.5,-137,2025-11-14,2025-11-13T18:04:37Z
DraftKings Pick6,player_steals,Grayson Allen,Over,1.5,-137,2025-11-14,2025-11-13T17:54:04Z
PrizePicks,player_field_goals,Lauri Markkanen,Over,8.5,-137,2025-11-14,2025-11-13T18:04:23Z
PrizePicks,player_field_goals,Lauri Markkanen,Under,8.5,-137,2025-11-14,2025-11-13T18:04:23Z
PrizePicks,player_field_goals,Pascal Siakam,Over,9.5,-137,2025-11-14,2025-11-13T18:04:37Z
PrizePicks,player_field_goals,Pascal Siakam,Under,9.5,-137,2025-11-14,2025-11-13T18:04:37Z
PrizePicks,player_field_goals,Aaron Nesmith,Over,5.5,-137,2025-11-14,2025-11-13T18:04:37Z
PrizePicks,player_field_goals,Aaron Nesmith,Under,5.5,-137,2025-11-14,2025-11-13T18:04:37Z
PrizePicks,player_field_goals,Grayson Allen,Over,5.5,-137,2025-11-14,2025-11-13T18:04:37Z
PrizePicks,player_field_goals,Grayson Allen,Under,5.5,-137,2025-11-14,2025-11-13T18:04:37Z
PrizePicks,player_frees_made,Brandon Ingram,Over,3.5,-137,2025-11-14,2025-11-13T18:04:13Z
PrizePicks,player_frees_made,Brandon Ingram,Under,3.5,-137,2025-11-14,2025-11-13T18:04:13Z
PrizePicks,player_frees_made,Scottie Barnes,Over,2.5,-137,2025-11-14,2025-11-13T18:04:13Z
PrizePicks,player_frees_made,Scottie Barnes,Under,2.5,-137,2025-11-14,2025-11-13T18:04:13Z
PrizePicks,player_frees_made,Keyonte George,Over,4.5,-137,2025-11-14,2025-11-13T18:04:23Z
PrizePicks,player_frees_made,Keyonte George,Under,4.5,-137,2025-11-14,2025-11-13T18:04:23Z
PrizePicks,player_frees_made,Lauri Markkanen,Over,4.5,-137,2025-11-14,2025-11-13T18:04:23Z
PrizePicks,player_frees_made,Lauri Markkanen,Under,4.5,-137,2025-11-14,2025-11-13T18:04:23Z
PrizePicks,player_frees_made,Nickeil Alexander-Walker,Over,2.5,-137,2025-11-14,2025-11-13T18:04:23Z
PrizePicks,player_frees_made,Nickeil Alexander-Walker,Under,2.5,-137,2025-11-14,2025-11-13T18:04:23Z
PrizePicks,player_frees_made,Zaccharie Risacher,Over,1.5,-137,2025-11-14,2025-11-13T18:04:23Z
PrizePicks,player_frees_made,Zaccharie Risacher,Under,1.5,-137,2025-11-14,2025-11-13T18:04:23Z
PrizePicks,player_frees_made,Devin Booker,Over,6.5,-137,2025-11-14,2025-11-13T18:04:37Z
PrizePicks,player_frees_made,Devin Booker,Under,6.5,-137,2025-11-14,2025-11-13T18:04:37Z
PrizePicks,player_frees_made,Andrew Nembhard,Over,2.5,-137,2025-11-14,2025-11-13T18:04:37Z
PrizePicks,player_frees_made,Andrew Nembhard,Under,2.5,-137,2025-11-14,2025-11-13T18:04:37Z
Underdog,player_frees_made,Brandon Ingram,Over,3.5,-137,2025-11-14,2025-11-13T18:07:04Z
Underdog,player_frees_made,Brandon Ingram,Under,3.5,-137,2025-11-14,2025-11-13T18:07:04Z
Underdog,player_frees_made,Evan Mobley,Over,3.5,-137,2025-11-14,2025-11-13T18:07:04Z
Underdog,player_frees_made,Evan Mobley,Under,3.5,-137,2025-11-14,2025-11-13T18:07:04Z
PrizePicks,player_frees_attempts,Donovan Mitchell,Over,6.5,-137,2025-11-14,2025-11-13T18:04:13Z
PrizePicks,player_frees_attempts,Donovan Mitchell,Under,6.5,-137,2025-11-14,2025-11-13T18:04:13Z
PrizePicks,player_frees_attempts,R.J. Barrett,Over,4.5,-137,2025-11-14,2025-11-13T18:04:13Z
PrizePicks,player_frees_attempts,R.J. Barrett,Under,4.5,-137,2025-11-14,2025-11-13T18:04:13Z
PrizePicks,player_frees_attempts,Scottie Barnes,Over,3.5,-137,2025-11-14,2025-11-13T18:04:13Z
PrizePicks,player_frees_attempts,Scottie Barnes,Under,3.5,-137,2025-11-14,2025-11-13T18:04:13Z
PrizePicks,player_frees_attempts,Jusuf Nurkic,Over,2.5,-137,2025-11-14,2025-11-13T18:04:23Z
PrizePicks,player_frees_attempts,Jusuf Nurkic,Under,2.5,-137,2025-11-14,2025-11-13T18:04:23Z
PrizePicks,player_frees_attempts,Pascal Siakam,Over,7.5,-137,2025-11-14,2025-11-13T18:04:37Z
PrizePicks,player_frees_attempts,Pascal Siakam,Under,7.5,-137,2025-11-14,2025-11-13T18:04:37Z
PrizePicks,player_frees_attempts,Aaron Nesmith,Over,2.5,-137,2025-11-14,2025-11-13T18:04:37Z
PrizePicks,player_frees_attempts,Aaron Nesmith,Under,2.5,-137,2025-11-14,2025-11-13T18:04:37Z
PrizePicks,player_frees_attempts,Grayson Allen,Over,2.5,-137,2025-11-14,2025-11-13T18:04:37Z
PrizePicks,player_frees_attempts,Grayson Allen,Under,2.5,-137,2025-11-14,2025-11-13T18:04:37Z
PrizePicks,player_frees_attempts,Oso Ighodaro,Over,0.5,-137,2025-11-14,2025-11-13T18:04:37Z
PrizePicks,player_frees_attempts,Oso Ighodaro,Under,0.5,-137,2025-11-14,2025-11-13T18:04:37Z
PrizePicks,player_points_rebounds_assists,Donovan Mitchell,Over,37.5,-137,2025-11-14,2025-11-13T18:04:13Z
PrizePicks,player_points_rebounds_assists,Donovan Mitchell,Under,37.5,-137,2025-11-14,2025-11-13T18:04:13Z
PrizePicks,player_points_rebounds_assists,Evan Mobley,Over,34.5,-137,2025-11-14,2025-11-13T18:04:13Z
PrizePicks,player_points_rebounds_assists,Evan Mobley,Under,34.5,-137,2025-11-14,2025-11-13T18:04:13Z
PrizePicks,player_points_rebounds_assists,Scottie Barnes,Over,30.5,-137,2025-11-14,2025-11-13T18:04:13Z
PrizePicks,player_points_rebounds_assists,Scottie Barnes,Under,30.5,-137,2025-11-14,2025-11-13T18:04:13Z
PrizePicks,player_points_rebounds_assists,Brandon Ingram,Over,29.5,-137,2025-11-14,2025-11-13T18:04:13Z
PrizePicks,player_points_rebounds_assists,Brandon Ingram,Under,29.5,-137,2025-11-14,2025-11-13T18:04:13Z
PrizePicks,player_points_rebounds_assists,R.J. Barrett,Over,28.5,-137,2025-11-14,2025-11-13T18:04:13Z
PrizePicks,player_points_rebounds_assists,R.J. Barrett,Under,28.5,-137,2025-11-14,2025-11-13T18:04:13Z
PrizePicks,player_points_rebounds_assists,De'Andre Hunter,Over,25.5,-137,2025-11-14,2025-11-13T18:04:13Z
PrizePicks,player_points_rebounds_assists,De'Andre Hunter,Under,25.5,-137,2025-11-14,2025-11-13T18:04:13Z
PrizePicks,player_points_rebounds_assists,Immanuel Quickley,Over,25.5,-137,2025-11-14,2025-11-13T18:04:13Z
PrizePicks,player_points_rebounds_assists,Immanuel Quickley,Under,25.5,-137,2025-11-14,2025-11-13T18:04:13Z
PrizePicks,player_points_rebounds_assists,Jarrett Allen,Over,24.5,-137,2025-11-14,2025-11-13T18:04:13Z
PrizePicks,player_points_rebounds_assists,Jarrett Allen,Under,24.5,-137,2025-11-14,2025-11-13T18:04:13Z
PrizePicks,player_points_rebounds_assists,Jakob Poeltl,Over,19.5,-137,2025-11-14,2025-11-13T18:04:13Z
PrizePicks,player_points_rebounds_assists,Jakob Poeltl,Under,19.5,-137,2025-11-14,2025-11-13T18:04:13Z
PrizePicks,player_points_rebounds_assists,Sam Merrill,Over,15.5,-137,2025-11-14,2025-11-13T18:04:13Z
PrizePicks,player_points_rebounds_assists,Sam Merrill,Under,15.5,-137,2025-11-14,2025-11-13T18:04:13Z
PrizePicks,player_points_rebounds_assists,Sandro Mamukelashvili,Over,15.5,-137,2025-11-14,2025-11-13T18:04:13Z
PrizePicks,player_points_rebounds_assists,Sandro Mamukelashvili,Under,15.5,-137,2025-11-14,2025-11-13T18:04:13Z
PrizePicks,player_points_rebounds_assists,Sandro Mamukelashvili,Over,14.5,-137,2025-11-14,2025-11-13T18:04:13Z
PrizePicks,player_points_rebounds_assists,Sandro Mamukelashvili,Under,14.5,-137,2025-11-14,2025-11-13T18:04:13Z
PrizePicks,player_points_rebounds_assists,Collin Murray-Boyles,Over,13.5,-137,2025-11-14,2025-11-13T18:04:13Z
PrizePicks,player_points_rebounds_assists,Collin Murray-Boyles,Under,13.5,-137,2025-11-14,2025-11-13T18:04:13Z
PrizePicks,player_points_rebounds_assists,Collin Murray-Boyles,Over,13.5,-137,2025-11-14,2025-11-13T18:04:13Z
PrizePicks,player_points_rebounds_assists,Collin Murray-Boyles,Under,13.5,-137,2025-11-14,2025-11-13T18:04:13Z
PrizePicks,player_points_rebounds_assists,Jamal Shead,Over,12.5,-137,2025-11-14,2025-11-13T18:04:13Z
PrizePicks,player_points_rebounds_assists,Jamal Shead,Under,12.5,-137,2025-11-14,2025-11-13T18:04:13Z
PrizePicks,player_points_rebounds_assists,Jalen Johnson,Over,35.5,-137,2025-11-14,2025-11-13T18:04:23Z
PrizePicks,player_points_rebounds_assists,Jalen Johnson,Under,35.5,-137,2025-11-14,2025-11-13T18:04:23Z
PrizePicks,player_points_rebounds_assists,Lauri Markkanen,Over,32.5,-137,2025-11-14,2025-11-13T18:04:23Z
PrizePicks,player_points_rebounds_assists,Lauri Markkanen,Under,32.5,-137,2025-11-14,2025-11-13T18:04:23Z
PrizePicks,player_points_rebounds_assists,Keyonte George,Over,29.5,-137,2025-11-14,2025-11-13T18:04:23Z
PrizePicks,player_points_rebounds_assists,Keyonte George,Under,29.5,-137,2025-11-14,2025-11-13T18:04:23Z
PrizePicks,player_points_rebounds_assists,Dyson Daniels,Over,27.5,-137,2025-11-14,2025-11-13T18:04:23Z
PrizePicks,player_points_rebounds_assists,Dyson Daniels,Under,27.5,-137,2025-11-14,2025-11-13T18:04:23Z
PrizePicks,player_points_rebounds_assists,Onyeka Okongwu,Over,27.5,-137,2025-11-14,2025-11-13T18:04:23Z
PrizePicks,player_points_rebounds_assists,Onyeka Okongwu,Under,27.5,-137,2025-11-14,2025-11-13T18:04:23Z
PrizePicks,player_points_rebounds_assists,Jusuf Nurkic,Over,25.5,-137,2025-11-14,2025-11-13T18:04:23Z
PrizePicks,player_points_rebounds_assists,Jusuf Nurkic,Under,25.5,-137,2025-11-14,2025-11-13T18:04:23Z
PrizePicks,player_points_rebounds_assists,Nickeil Alexander-Walker,Over,24.5,-137,2025-11-14,2025-11-13T18:04:23Z
PrizePicks,player_points_rebounds_assists,Nickeil Alexander-Walker,Under,24.5,-137,2025-11-14,2025-11-13T18:04:23Z
PrizePicks,player_points_rebounds_assists,Isaiah Collier,Over,18.5,-137,2025-11-14,2025-11-13T18:04:23Z
PrizePicks,player_points_rebounds_assists,Isaiah Collier,Under,18.5,-137,2025-11-14,2025-11-13T18:04:23Z
PrizePicks,player_points_rebounds_assists,Zaccharie Risacher,Over,18.5,-137,2025-11-14,2025-11-13T18:04:23Z
PrizePicks,player_points_rebounds_assists,Zaccharie Risacher,Under,18.5,-137,2025-11-14,2025-11-13T18:04:23Z
PrizePicks,player_points_rebounds_assists,Ace Bailey,Over,18.0,-137,2025-11-14,2025-11-13T18:04:23Z
PrizePicks,player_points_rebounds_assists,Ace Bailey,Under,18.0,-137,2025-11-14,2025-11-13T18:04:23Z
PrizePicks,player_points_rebounds_assists,Kyle Filipowski,Over,17.5,-137,2025-11-14,2025-11-13T18:04:23Z
PrizePicks,player_points_rebounds_assists,Kyle Filipowski,Under,17.5,-137,2025-11-14,2025-11-13T18:04:23Z
PrizePicks,player_points_rebounds_assists,Svi Mykhailiuk,Over,14.0,-137,2025-11-14,2025-11-13T18:04:23Z
PrizePicks,player_points_rebounds_assists,Svi Mykhailiuk,Under,14.0,-137,2025-11-14,2025-11-13T18:04:23Z
PrizePicks,player_points_rebounds_assists,Brice Sensabaugh,Over,11.5,-137,2025-11-14,2025-11-13T18:04:23Z
PrizePicks,player_points_rebounds_assists,Brice Sensabaugh,Under,11.5,-137,2025-11-14,2025-11-13T18:04:23Z
PrizePicks,player_points_rebounds_assists,Devin Booker,Over,40.5,-137,2025-11-14,2025-11-13T18:04:37Z
PrizePicks,player_points_rebounds_assists,Devin Booker,Under,40.5,-137,2025-11-14,2025-11-13T18:04:37Z
PrizePicks,player_points_rebounds_assists,Pascal Siakam,Over,38.5,-137,2025-11-14,2025-11-13T18:04:37Z
PrizePicks,player_points_rebounds_assists,Pascal Siakam,Under,38.5,-137,2025-11-14,2025-11-13T18:04:37Z
PrizePicks,player_points_rebounds_assists,Andrew Nembhard,Over,27.0,-137,2025-11-14,2025-11-13T18:04:37Z
PrizePicks,player_points_rebounds_assists,Andrew Nembhard,Under,27.0,-137,2025-11-14,2025-11-13T18:04:37Z
PrizePicks,player_points_rebounds_assists,Grayson Allen,Over,24.0,-137,2025-11-14,2025-11-13T18:04:37Z
PrizePicks,player_points_rebounds_assists,Grayson Allen,Under,24.0,-137,2025-11-14,2025-11-13T18:04:37Z
PrizePicks,player_points_rebounds_assists,Aaron Nesmith,Over,23.5,-137,2025-11-14,2025-11-13T18:04:37Z
PrizePicks,player_points_rebounds_assists,Aaron Nesmith,Under,23.5,-137,2025-11-14,2025-11-13T18:04:37Z
PrizePicks,player_points_rebounds_assists,Dillon Brooks,Over,22.5,-137,2025-11-14,2025-11-13T18:04:37Z
PrizePicks,player_points_rebounds_assists,Dillon Brooks,Under,22.5,-137,2025-11-14,2025-11-13T18:04:37Z
PrizePicks,player_points_rebounds_assists,Royce O'Neale,Over,19.5,-137,2025-11-14,2025-11-13T18:04:37Z
PrizePicks,player_points_rebounds_assists,Royce O'Neale,Under,19.5,-137,2025-11-14,2025-11-13T18:04:37Z
PrizePicks,player_points_rebounds_assists,Collin Gillespie,Over,17.5,-137,2025-11-14,2025-11-13T18:04:37Z
PrizePicks,player_points_rebounds_assists,Collin Gillespie,Under,17.5,-137,2025-11-14,2025-11-13T18:04:37Z
PrizePicks,player_points_rebounds_assists,Jarace Walker,Over,16.5,-137,2025-11-14,2025-11-13T18:04:37Z
PrizePicks,player_points_rebounds_assists,Jarace Walker,Under,16.5,-137,2025-11-14,2025-11-13T18:04:37Z
PrizePicks,player_points_rebounds_assists,Jarace Walker,Over,16.5,-137,2025-11-14,2025-11-13T18:04:37Z
PrizePicks,player_points_rebounds_assists,Jarace Walker,Under,16.5,-137,2025-11-14,2025-11-13T18:04:37Z
PrizePicks,player_points_rebounds_assists,T.J. McConnell,Over,15.5,-137,2025-11-14,2025-11-13T18:04:37Z
PrizePicks,player_points_rebounds_assists,T.J. McConnell,Under,15.5,-137,2025-11-14,2025-11-13T18:04:37Z
PrizePicks,player_points_rebounds_assists,Isaiah Jackson,Over,14.5,-137,2025-11-14,2025-11-13T18:04:37Z
PrizePicks,player_points_rebounds_assists,Isaiah Jackson,Under,14.5,-137,2025-11-14,2025-11-13T18:04:37Z
PrizePicks,player_points_rebounds_assists,Ryan Dunn,Over,14.5,-137,2025-11-14,2025-11-13T18:04:37Z
PrizePicks,player_points_rebounds_assists,Ryan Dunn,Under,14.5,-137,2025-11-14,2025-11-13T18:04:37Z
PrizePicks,player_points_rebounds_assists,Oso Ighodaro,Over,11.0,-137,2025-11-14,2025-11-13T18:04:37Z
PrizePicks,player_points_rebounds_assists,Oso Ighodaro,Under,11.0,-137,2025-11-14,2025-11-13T18:04:37Z
PrizePicks,player_points_rebounds_assists,Ben Sheppard,Over,10.5,-137,2025-11-14,2025-11-13T18:04:37Z
PrizePicks,player_points_rebounds_assists,Ben Sheppard,Under,10.5,-137,2025-11-14,2025-11-13T18:04:37Z
Underdog,player_points_rebounds_assists,Scottie Barnes,Over,30.5,-137,2025-11-14,2025-11-13T18:07:04Z
Underdog,player_points_rebounds_assists,Scottie Barnes,Under,30.5,-137,2025-11-14,2025-11-13T18:07:04Z
Underdog,player_points_rebounds_assists,Donovan Mitchell,Over,37.5,-137,2025-11-14,2025-11-13T18:07:04Z
Underdog,player_points_rebounds_assists,Donovan Mitchell,Under,37.5,-137,2025-11-14,2025-11-13T18:07:04Z
Underdog,player_points_rebounds_assists,Brandon Ingram,Over,29.5,-137,2025-11-14,2025-11-13T18:07:04Z
Underdog,player_points_rebounds_assists,Brandon Ingram,Under,29.5,-137,2025-11-14,2025-11-13T18:07:04Z
Underdog,player_points_rebounds_assists,Evan Mobley,Over,33.5,-137,2025-11-14,2025-11-13T18:07:04Z
Underdog,player_points_rebounds_assists,Evan Mobley,Under,33.5,-137,2025-11-14,2025-11-13T18:07:04Z
Underdog,player_points_rebounds_assists,Immanuel Quickley,Over,25.5,-137,2025-11-14,2025-11-13T18:07:04Z
Underdog,player_points_rebounds_assists,Immanuel Quickley,Under,25.5,-137,2025-11-14,2025-11-13T18:07:04Z
Underdog,player_points_rebounds_assists,R.J. Barrett,Over,28.5,-137,2025-11-14,2025-11-13T18:07:04Z
Underdog,player_points_rebounds_assists,R.J. Barrett,Under,28.5,-137,2025-11-14,2025-11-13T18:07:04Z
Underdog,player_points_rebounds_assists,Jarrett Allen,Over,24.5,-137,2025-11-14,2025-11-13T18:07:04Z
Underdog,player_points_rebounds_assists,Jarrett Allen,Under,24.5,-137,2025-11-14,2025-11-13T18:07:04Z
Underdog,player_points_rebounds_assists,Jakob Poeltl,Over,19.5,-137,2025-11-14,2025-11-13T18:07:04Z
Underdog,player_points_rebounds_assists,Jakob Poeltl,Under,19.5,-137,2025-11-14,2025-11-13T18:07:04Z
Underdog,player_points_rebounds_assists,De'Andre Hunter,Over,26.5,-137,2025-11-14,2025-11-13T18:07:04Z
Underdog,player_points_rebounds_assists,De'Andre Hunter,Under,26.5,-137,2025-11-14,2025-11-13T18:07:04Z
Underdog,player_points_rebounds_assists,Jamal Shead,Over,12.5,-137,2025-11-14,2025-11-13T18:07:04Z
Underdog,player_points_rebounds_assists,Jamal Shead,Under,12.5,-137,2025-11-14,2025-11-13T18:07:04Z
Underdog,player_points_rebounds_assists,Sandro Mamukelashvili,Over,14.5,-137,2025-11-14,2025-11-13T18:07:04Z
Underdog,player_points_rebounds_assists,Sandro Mamukelashvili,Under,14.5,-137,2025-11-14,2025-11-13T18:07:04Z
Underdog,player_points_rebounds_assists,Collin Murray-Boyles,Over,13.5,-137,2025-11-14,2025-11-13T18:07:04Z
Underdog,player_points_rebounds_assists,Collin Murray-Boyles,Under,13.5,-137,2025-11-14,2025-11-13T18:07:04Z
Underdog,player_points_rebounds_assists,Sam Merrill,Over,15.5,-137,2025-11-14,2025-11-13T18:07:04Z
Underdog,player_points_rebounds_assists,Sam Merrill,Under,15.5,-137,2025-11-14,2025-11-13T18:07:04Z
Underdog,player_points_rebounds_assists,Keyonte George,Over,29.5,-137,2025-11-14,2025-11-13T18:07:06Z
Underdog,player_points_rebounds_assists,Keyonte George,Under,29.5,-137,2025-11-14,2025-11-13T18:07:06Z
Underdog,player_points_rebounds_assists,Lauri Markkanen,Over,33.5,-137,2025-11-14,2025-11-13T18:07:06Z
Underdog,player_points_rebounds_assists,Lauri Markkanen,Under,33.5,-137,2025-11-14,2025-11-13T18:07:06Z
Underdog,player_points_rebounds_assists,Jalen Johnson,Over,35.5,-137,2025-11-14,2025-11-13T18:07:06Z
Underdog,player_points_rebounds_assists,Jalen Johnson,Under,35.5,-137,2025-11-14,2025-11-13T18:07:06Z
Underdog,player_points_rebounds_assists,Zaccharie Risacher,Over,18.5,-137,2025-11-14,2025-11-13T18:07:06Z
Underdog,player_points_rebounds_assists,Zaccharie Risacher,Under,18.5,-137,2025-11-14,2025-11-13T18:07:06Z
Underdog,player_points_rebounds_assists,Jusuf Nurkic,Over,25.5,-137,2025-11-14,2025-11-13T18:07:06Z
Underdog,player_points_rebounds_assists,Jusuf Nurkic,Under,25.5,-137,2025-11-14,2025-11-13T18:07:06Z
Underdog,player_points_rebounds_assists,Nickeil Alexander-Walker,Over,24.5,-137,2025-11-14,2025-11-13T18:07:06Z
Underdog,player_points_rebounds_assists,Nickeil Alexander-Walker,Under,24.5,-137,2025-11-14,2025-11-13T18:07:06Z
Underdog,player_points_rebounds_assists,Onyeka Okongwu,Over,27.5,-137,2025-11-14,2025-11-13T18:07:06Z
Underdog,player_points_rebounds_assists,Onyeka Okongwu,Under,27.5,-137,2025-11-14,2025-11-13T18:07:06Z
Underdog,player_points_rebounds_assists,Dyson Daniels,Over,27.5,-137,2025-11-14,2025-11-13T18:07:06Z
Underdog,player_points_rebounds_assists,Dyson Daniels,Under,27.5,-137,2025-11-14,2025-11-13T18:07:06Z
Underdog,player_points_rebounds_assists,Isaiah Collier,Over,18.5,-137,2025-11-14,2025-11-13T18:07:06Z
Underdog,player_points_rebounds_assists,Isaiah Collier,Under,18.5,-137,2025-11-14,2025-11-13T18:07:06Z
Underdog,player_points_rebounds_assists,Brice Sensabaugh,Over,11.5,-137,2025-11-14,2025-11-13T18:07:06Z
Underdog,player_points_rebounds_assists,Brice Sensabaugh,Under,11.5,-137,2025-11-14,2025-11-13T18:07:06Z
Underdog,player_points_rebounds_assists,Svi Mykhailiuk,Over,13.5,-137,2025-11-14,2025-11-13T18:07:06Z
Underdog,player_points_rebounds_assists,Svi Mykhailiuk,Under,13.5,-137,2025-11-14,2025-11-13T18:07:06Z
Underdog,player_points_rebounds_assists,Kyle Filipowski,Over,16.5,-137,2025-11-14,2025-11-13T18:07:06Z
Underdog,player_points_rebounds_assists,Kyle Filipowski,Under,16.5,-137,2025-11-14,2025-11-13T18:07:06Z
Underdog,player_points_rebounds_assists,Devin Booker,Over,40.5,-137,2025-11-14,2025-11-13T18:07:18Z
Underdog,player_points_rebounds_assists,Devin Booker,Under,40.5,-137,2025-11-14,2025-11-13T18:07:18Z
Underdog,player_points_rebounds_assists,Pascal Siakam,Over,38.5,-137,2025-11-14,2025-11-13T18:07:18Z
Underdog,player_points_rebounds_assists,Pascal Siakam,Under,38.5,-137,2025-11-14,2025-11-13T18:07:18Z
Underdog,player_points_rebounds_assists,Andrew Nembhard,Over,26.5,-137,2025-11-14,2025-11-13T18:07:18Z
Underdog,player_points_rebounds_assists,Andrew Nembhard,Under,26.5,-137,2025-11-14,2025-11-13T18:07:18Z
Underdog,player_points_rebounds_assists,Dillon Brooks,Over,22.5,-137,2025-11-14,2025-11-13T18:07:18Z
Underdog,player_points_rebounds_assists,Dillon Brooks,Under,22.5,-137,2025-11-14,2025-11-13T18:07:18Z
Underdog,player_points_rebounds_assists,Royce O'Neale,Over,19.5,-137,2025-11-14,2025-11-13T18:07:18Z
Underdog,player_points_rebounds_assists,Royce O'Neale,Under,19.5,-137,2025-11-14,2025-11-13T18:07:18Z
Underdog,player_points_rebounds_assists,T.J. McConnell,Over,15.5,-137,2025-11-14,2025-11-13T18:07:18Z
Underdog,player_points_rebounds_assists,T.J. McConnell,Under,15.5,-137,2025-11-14,2025-11-13T18:07:18Z
Underdog,player_points_rebounds_assists,Ryan Dunn,Over,14.5,-137,2025-11-14,2025-11-13T18:07:18Z
Underdog,player_points_rebounds_assists,Ryan Dunn,Under,14.5,-137,2025-11-14,2025-11-13T18:07:18Z
Underdog,player_points_rebounds_assists,Collin Gillespie,Over,17.5,-137,2025-11-14,2025-11-13T18:07:18Z
Underdog,player_points_rebounds_assists,Collin Gillespie,Under,17.5,-137,2025-11-14,2025-11-13T18:07:18Z
Underdog,player_points_rebounds_assists,Jarace Walker,Over,16.5,-137,2025-11-14,2025-11-13T18:07:18Z
Underdog,player_points_rebounds_assists,Jarace Walker,Under,16.5,-137,2025-11-14,2025-11-13T18:07:18Z
Underdog,player_points_rebounds_assists,Isaiah Jackson,Over,14.5,-137,2025-11-14,2025-11-13T18:07:18Z
Underdog,player_points_rebounds_assists,Isaiah Jackson,Under,14.5,-137,2025-11-14,2025-11-13T18:07:18Z
DraftKings Pick6,player_points_rebounds_assists,Scottie Barnes,Over,30.5,-137,2025-11-14,2025-11-13T18:07:32Z
DraftKings Pick6,player_points_rebounds_assists,Scottie Barnes,Under,30.5,-137,2025-11-14,2025-11-13T18:07:32Z
DraftKings Pick6,player_points_rebounds_assists,Keyonte George,Over,29.5,-137,2025-11-14,2025-11-13T18:07:32Z
DraftKings Pick6,player_points_rebounds_assists,Keyonte George,Under,29.5,-137,2025-11-14,2025-11-13T18:07:32Z
DraftKings Pick6,player_points_rebounds_assists,Pascal Siakam,Over,38.5,-137,2025-11-14,2025-11-13T18:06:33Z
DraftKings Pick6,player_points_rebounds_assists,Pascal Siakam,Under,38.5,-137,2025-11-14,2025-11-13T18:06:33Z
DraftKings Pick6,player_points_rebounds_assists,Andrew Nembhard,Over,26.5,-137,2025-11-14,2025-11-13T18:06:33Z
DraftKings Pick6,player_points_rebounds_assists,Andrew Nembhard,Under,26.5,-137,2025-11-14,2025-11-13T18:06:33Z
PrizePicks,player_points_rebounds,Donovan Mitchell,Over,32.5,-137,2025-11-14,2025-11-13T18:04:13Z
PrizePicks,player_points_rebounds,Donovan Mitchell,Under,32.5,-137,2025-11-14,2025-11-13T18:04:13Z
PrizePicks,player_points_rebounds,Evan Mobley,Over,29.5,-137,2025-11-14,2025-11-13T18:04:13Z
PrizePicks,player_points_rebounds,Evan Mobley,Under,29.5,-137,2025-11-14,2025-11-13T18:04:13Z
PrizePicks,player_points_rebounds,Brandon Ingram,Over,25.5,-137,2025-11-14,2025-11-13T18:04:13Z
PrizePicks,player_points_rebounds,Brandon Ingram,Under,25.5,-137,2025-11-14,2025-11-13T18:04:13Z
PrizePicks,player_points_rebounds,Scottie Barnes,Over,25.5,-137,2025-11-14,2025-11-13T18:04:13Z
PrizePicks,player_points_rebounds,Scottie Barnes,Under,25.5,-137,2025-11-14,2025-11-13T18:04:13Z
PrizePicks,player_points_rebounds,R.J. Barrett,Over,24.5,-137,2025-11-14,2025-11-13T18:04:13Z
PrizePicks,player_points_rebounds,R.J. Barrett,Under,24.5,-137,2025-11-14,2025-11-13T18:04:13Z
PrizePicks,player_points_rebounds,De'Andre Hunter,Over,23.5,-137,2025-11-14,2025-11-13T18:04:13Z
PrizePicks,player_points_rebounds,De'Andre Hunter,Under,23.5,-137,2025-11-14,2025-11-13T18:04:13Z
PrizePicks,player_points_rebounds,Jarrett Allen,Over,22.5,-137,2025-11-14,2025-11-13T18:04:13Z
PrizePicks,player_points_rebounds,Jarrett Allen,Under,22.5,-137,2025-11-14,2025-11-13T18:04:13Z
PrizePicks,player_points_rebounds,Immanuel Quickley,Over,19.5,-137,2025-11-14,2025-11-13T18:04:13Z
PrizePicks,player_points_rebounds,Immanuel Quickley,Under,19.5,-137,2025-11-14,2025-11-13T18:04:13Z
PrizePicks,player_points_rebounds,Jakob Poeltl,Over,17.5,-137,2025-11-14,2025-11-13T18:04:13Z
PrizePicks,player_points_rebounds,Jakob Poeltl,Under,17.5,-137,2025-11-14,2025-11-13T18:04:13Z
PrizePicks,player_points_rebounds,Sandro Mamukelashvili,Over,13.5,-137,2025-11-14,2025-11-13T18:04:13Z
PrizePicks,player_points_rebounds,Sandro Mamukelashvili,Under,13.5,-137,2025-11-14,2025-11-13T18:04:13Z
PrizePicks,player_points_rebounds,Sam Merrill,Over,12.5,-137,2025-11-14,2025-11-13T18:04:13Z
PrizePicks,player_points_rebounds,Sam Merrill,Under,12.5,-137,2025-11-14,2025-11-13T18:04:13Z
PrizePicks,player_points_rebounds,Collin Murray-Boyles,Over,12.5,-137,2025-11-14,2025-11-13T18:04:13Z
PrizePicks,player_points_rebounds,Collin Murray-Boyles,Under,12.5,-137,2025-11-14,2025-11-13T18:04:13Z
PrizePicks,player_points_rebounds,Gradey Dick,Over,10.5,-137,2025-11-14,2025-11-13T18:04:13Z
PrizePicks,player_points_rebounds,Gradey Dick,Under,10.5,-137,2025-11-14,2025-11-13T18:04:13Z
PrizePicks,player_points_rebounds,Lauri Markkanen,Over,32.5,-137,2025-11-14,2025-11-13T18:04:23Z
PrizePicks,player_points_rebounds,Lauri Markkanen,Under,32.5,-137,2025-11-14,2025-11-13T18:04:23Z
PrizePicks,player_points_rebounds,Jalen Johnson,Over,28.5,-137,2025-11-14,2025-11-13T18:04:23Z
PrizePicks,player_points_rebounds,Jalen Johnson,Under,28.5,-137,2025-11-14,2025-11-13T18:04:23Z
PrizePicks,player_points_rebounds,Onyeka Okongwu,Over,24.5,-137,2025-11-14,2025-11-13T18:04:23Z
PrizePicks,player_points_rebounds,Onyeka Okongwu,Under,24.5,-137,2025-11-14,2025-11-13T18:04:23Z
PrizePicks,player_points_rebounds,Keyonte George,Over,23.5,-137,2025-11-14,2025-11-13T18:04:23Z
PrizePicks,player_points_rebounds,Keyonte George,Under,23.5,-137,2025-11-14,2025-11-13T18:04:23Z
PrizePicks,player_points_rebounds,Jusuf Nurkic,Over,21.5,-137,2025-11-14,2025-11-13T18:04:23Z
PrizePicks,player_points_rebounds,Jusuf Nurkic,Under,21.5,-137,2025-11-14,2025-11-13T18:04:23Z
PrizePicks,player_points_rebounds,Dyson Daniels,Over,20.5,-137,2025-11-14,2025-11-13T18:04:23Z
PrizePicks,player_points_rebounds,Dyson Daniels,Under,20.5,-137,2025-11-14,2025-11-13T18:04:23Z
PrizePicks,player_points_rebounds,Nickeil Alexander-Walker,Over,20.5,-137,2025-11-14,2025-11-13T18:04:23Z
PrizePicks,player_points_rebounds,Nickeil Alexander-Walker,Under,20.5,-137,2025-11-14,2025-11-13T18:04:23Z
PrizePicks,player_points_rebounds,Zaccharie Risacher,Over,17.5,-137,2025-11-14,2025-11-13T18:04:23Z
PrizePicks,player_points_rebounds,Zaccharie Risacher,Under,17.5,-137,2025-11-14,2025-11-13T18:04:23Z
PrizePicks,player_points_rebounds,Ace Bailey,Over,16.5,-137,2025-11-14,2025-11-13T18:04:23Z
PrizePicks,player_points_rebounds,Ace Bailey,Under,16.5,-137,2025-11-14,2025-11-13T18:04:23Z
PrizePicks,player_points_rebounds,Kyle Filipowski,Over,15.5,-137,2025-11-14,2025-11-13T18:04:23Z
PrizePicks,player_points_rebounds,Kyle Filipowski,Under,15.5,-137,2025-11-14,2025-11-13T18:04:23Z
PrizePicks,player_points_rebounds,Luke Kennard,Over,12.5,-137,2025-11-14,2025-11-13T18:04:23Z
PrizePicks,player_points_rebounds,Luke Kennard,Under,12.5,-137,2025-11-14,2025-11-13T18:04:23Z
PrizePicks,player_points_rebounds,Svi Mykhailiuk,Over,11.5,-137,2025-11-14,2025-11-13T18:04:23Z
PrizePicks,player_points_rebounds,Svi Mykhailiuk,Under,11.5,-137,2025-11-14,2025-11-13T18:04:23Z
PrizePicks,player_points_rebounds,Isaiah Collier,Over,11.5,-137,2025-11-14,2025-11-13T18:04:23Z
PrizePicks,player_points_rebounds,Isaiah Collier,Under,11.5,-137,2025-11-14,2025-11-13T18:04:23Z
PrizePicks,player_points_rebounds,Devin Booker,Over,32.5,-137,2025-11-14,2025-11-13T18:04:37Z
PrizePicks,player_points_rebounds,Devin Booker,Under,32.5,-137,2025-11-14,2025-11-13T18:04:37Z
PrizePicks,player_points_rebounds,Pascal Siakam,Over,32.5,-137,2025-11-14,2025-11-13T18:04:37Z
PrizePicks,player_points_rebounds,Pascal Siakam,Under,32.5,-137,2025-11-14,2025-11-13T18:04:37Z
PrizePicks,player_points_rebounds,Aaron Nesmith,Over,21.5,-137,2025-11-14,2025-11-13T18:04:37Z
PrizePicks,player_points_rebounds,Aaron Nesmith,Under,21.5,-137,2025-11-14,2025-11-13T18:04:37Z
PrizePicks,player_points_rebounds,Grayson Allen,Over,20.5,-137,2025-11-14,2025-11-13T18:04:37Z
PrizePicks,player_points_rebounds,Grayson Allen,Under,20.5,-137,2025-11-14,2025-11-13T18:04:37Z
PrizePicks,player_points_rebounds,Dillon Brooks,Over,20.0,-137,2025-11-14,2025-11-13T18:04:37Z
PrizePicks,player_points_rebounds,Dillon Brooks,Under,20.0,-137,2025-11-14,2025-11-13T18:04:37Z
PrizePicks,player_points_rebounds,Andrew Nembhard,Over,19.5,-137,2025-11-14,2025-11-13T18:04:37Z
PrizePicks,player_points_rebounds,Andrew Nembhard,Under,19.5,-137,2025-11-14,2025-11-13T18:04:37Z
PrizePicks,player_points_rebounds,Royce O'Neale,Over,16.5,-137,2025-11-14,2025-11-13T18:04:37Z
PrizePicks,player_points_rebounds,Royce O'Neale,Under,16.5,-137,2025-11-14,2025-11-13T18:04:37Z
PrizePicks,player_points_rebounds,Isaiah Jackson,Over,14.5,-137,2025-11-14,2025-11-13T18:04:37Z
PrizePicks,player_points_rebounds,Isaiah Jackson,Under,14.5,-137,2025-11-14,2025-11-13T18:04:37Z
PrizePicks,player_points_rebounds,Jarace Walker,Over,13.5,-137,2025-11-14,2025-11-13T18:04:37Z
PrizePicks,player_points_rebounds,Jarace Walker,Under,13.5,-137,2025-11-14,2025-11-13T18:04:37Z
PrizePicks,player_points_rebounds,Ryan Dunn,Over,12.5,-137,2025-11-14,2025-11-13T18:04:37Z
PrizePicks,player_points_rebounds,Ryan Dunn,Under,12.5,-137,2025-11-14,2025-11-13T18:04:37Z
PrizePicks,player_points_rebounds,Collin Gillespie,Over,12.5,-137,2025-11-14,2025-11-13T18:04:37Z
PrizePicks,player_points_rebounds,Collin Gillespie,Under,12.5,-137,2025-11-14,2025-11-13T18:04:37Z
PrizePicks,player_points_rebounds,T.J. McConnell,Over,11.5,-137,2025-11-14,2025-11-13T18:04:37Z
PrizePicks,player_points_rebounds,T.J. McConnell,Under,11.5,-137,2025-11-14,2025-11-13T18:04:37Z
PrizePicks,player_points_rebounds,Oso Ighodaro,Over,9.5,-137,2025-11-14,2025-11-13T18:04:37Z
PrizePicks,player_points_rebounds,Oso Ighodaro,Under,9.5,-137,2025-11-14,2025-11-13T18:04:37Z
PrizePicks,player_points_rebounds,Ben Sheppard,Over,8.5,-137,2025-11-14,2025-11-13T18:04:37Z
PrizePicks,player_points_rebounds,Ben Sheppard,Under,8.5,-137,2025-11-14,2025-11-13T18:04:37Z
Underdog,player_points_rebounds,Scottie Barnes,Over,25.5,-137,2025-11-14,2025-11-13T18:07:04Z
Underdog,player_points_rebounds,Scottie Barnes,Under,25.5,-137,2025-11-14,2025-11-13T18:07:04Z
Underdog,player_points_rebounds,Donovan Mitchell,Over,31.5,-137,2025-11-14,2025-11-13T18:07:04Z
Underdog,player_points_rebounds,Donovan Mitchell,Under,31.5,-137,2025-11-14,2025-11-13T18:07:04Z
Underdog,player_points_rebounds,Brandon Ingram,Over,25.5,-137,2025-11-14,2025-11-13T18:07:04Z
Underdog,player_points_rebounds,Brandon Ingram,Under,25.5,-137,2025-11-14,2025-11-13T18:07:04Z
Underdog,player_points_rebounds,Evan Mobley,Over,29.5,-137,2025-11-14,2025-11-13T18:07:04Z
Underdog,player_points_rebounds,Evan Mobley,Under,29.5,-137,2025-11-14,2025-11-13T18:07:04Z
Underdog,player_points_rebounds,Immanuel Quickley,Over,19.5,-137,2025-11-14,2025-11-13T18:07:04Z
Underdog,player_points_rebounds,Immanuel Quickley,Under,19.5,-137,2025-11-14,2025-11-13T18:07:04Z
Underdog,player_points_rebounds,R.J. Barrett,Over,24.5,-137,2025-11-14,2025-11-13T18:07:04Z
Underdog,player_points_rebounds,R.J. Barrett,Under,24.5,-137,2025-11-14,2025-11-13T18:07:04Z
Underdog,player_points_rebounds,Jarrett Allen,Over,22.5,-137,2025-11-14,2025-11-13T18:07:04Z
Underdog,player_points_rebounds,Jarrett Allen,Under,22.5,-137,2025-11-14,2025-11-13T18:07:04Z
Underdog,player_points_rebounds,De'Andre Hunter,Over,23.5,-137,2025-11-14,2025-11-13T18:07:04Z
Underdog,player_points_rebounds,De'Andre Hunter,Under,23.5,-137,2025-11-14,2025-11-13T18:07:04Z
Underdog,player_points_rebounds,Keyonte George,Over,23.5,-137,2025-11-14,2025-11-13T18:07:06Z
Underdog,player_points_rebounds,Keyonte George,Under,23.5,-137,2025-11-14,2025-11-13T18:07:06Z
Underdog,player_points_rebounds,Jalen Johnson,Over,28.5,-137,2025-11-14,2025-11-13T18:07:06Z
Underdog,player_points_rebounds,Jalen Johnson,Under,28.5,-137,2025-11-14,2025-11-13T18:07:06Z
Underdog,player_points_rebounds,Jusuf Nurkic,Over,21.5,-137,2025-11-14,2025-11-13T18:07:06Z
Underdog,player_points_rebounds,Jusuf Nurkic,Under,21.5,-137,2025-11-14,2025-11-13T18:07:06Z
Underdog,player_points_rebounds,Nickeil Alexander-Walker,Over,21.5,-137,2025-11-14,2025-11-13T18:07:06Z
Underdog,player_points_rebounds,Nickeil Alexander-Walker,Under,21.5,-137,2025-11-14,2025-11-13T18:07:06Z
Underdog,player_points_rebounds,Onyeka Okongwu,Over,24.5,-137,2025-11-14,2025-11-13T18:07:06Z
Underdog,player_points_rebounds,Onyeka Okongwu,Under,24.5,-137,2025-11-14,2025-11-13T18:07:06Z
Underdog,player_points_rebounds,Dyson Daniels,Over,20.5,-137,2025-11-14,2025-11-13T18:07:06Z
Underdog,player_points_rebounds,Dyson Daniels,Under,20.5,-137,2025-11-14,2025-11-13T18:07:06Z
Underdog,player_points_rebounds,Pascal Siakam,Over,33.5,-137,2025-11-14,2025-11-13T18:07:18Z
Underdog,player_points_rebounds,Pascal Siakam,Under,33.5,-137,2025-11-14,2025-11-13T18:07:18Z
Underdog,player_points_rebounds,Andrew Nembhard,Over,19.5,-137,2025-11-14,2025-11-13T18:07:18Z
Underdog,player_points_rebounds,Andrew Nembhard,Under,19.5,-137,2025-11-14,2025-11-13T18:07:18Z
Underdog,player_points_rebounds,Aaron Nesmith,Over,21.5,-137,2025-11-14,2025-11-13T18:07:18Z
Underdog,player_points_rebounds,Aaron Nesmith,Under,21.5,-137,2025-11-14,2025-11-13T18:07:18Z
DraftKings Pick6,player_points_rebounds,Scottie Barnes,Over,25.5,-137,2025-11-14,2025-11-13T17:53:59Z
DraftKings Pick6,player_points_rebounds,Scottie Barnes,Under,25.5,-137,2025-11-14,2025-11-13T17:53:59Z
DraftKings Pick6,player_points_rebounds,Brandon Ingram,Over,25.5,-137,2025-11-14,2025-11-13T17:53:59Z
DraftKings Pick6,player_points_rebounds,Brandon Ingram,Under,25.5,-137,2025-11-14,2025-11-13T17:53:59Z
DraftKings Pick6,player_points_rebounds,R.J. Barrett,Over,24.5,-137,2025-11-14,2025-11-13T17:53:59Z
DraftKings Pick6,player_points_rebounds,R.J. Barrett,Under,24.5,-137,2025-11-14,2025-11-13T17:53:59Z
DraftKings Pick6,player_points_rebounds,Immanuel Quickley,Over,19.5,-137,2025-11-14,2025-11-13T17:53:59Z
DraftKings Pick6,player_points_rebounds,Immanuel Quickley,Under,19.5,-137,2025-11-14,2025-11-13T17:53:59Z
DraftKings Pick6,player_points_rebounds,Lauri Markkanen,Over,32.5,-137,2025-11-14,2025-11-13T17:54:54Z
DraftKings Pick6,player_points_rebounds,Lauri Markkanen,Under,32.5,-137,2025-11-14,2025-11-13T17:54:54Z
DraftKings Pick6,player_points_rebounds,Keyonte George,Over,23.5,-137,2025-11-14,2025-11-13T17:54:54Z
DraftKings Pick6,player_points_rebounds,Keyonte George,Under,23.5,-137,2025-11-14,2025-11-13T17:54:54Z
DraftKings Pick6,player_points_rebounds,Nickeil Alexander-Walker,Over,21.5,-137,2025-11-14,2025-11-13T17:54:54Z
DraftKings Pick6,player_points_rebounds,Nickeil Alexander-Walker,Under,21.5,-137,2025-11-14,2025-11-13T17:54:54Z
DraftKings Pick6,player_points_rebounds,Jusuf Nurkic,Over,21.5,-137,2025-11-14,2025-11-13T17:54:54Z
DraftKings Pick6,player_points_rebounds,Jusuf Nurkic,Under,21.5,-137,2025-11-14,2025-11-13T17:54:54Z
DraftKings Pick6,player_points_rebounds,Dyson Daniels,Over,20.5,-137,2025-11-14,2025-11-13T17:54:54Z
DraftKings Pick6,player_points_rebounds,Dyson Daniels,Under,20.5,-137,2025-11-14,2025-11-13T17:54:54Z
DraftKings Pick6,player_points_rebounds,Zaccharie Risacher,Over,17.5,-137,2025-11-14,2025-11-13T17:54:54Z
DraftKings Pick6,player_points_rebounds,Zaccharie Risacher,Under,17.5,-137,2025-11-14,2025-11-13T17:54:54Z
DraftKings Pick6,player_points_rebounds,Ace Bailey,Over,16.5,-137,2025-11-14,2025-11-13T17:54:54Z
DraftKings Pick6,player_points_rebounds,Ace Bailey,Under,16.5,-137,2025-11-14,2025-11-13T17:54:54Z
DraftKings Pick6,player_points_rebounds,Kyle Filipowski,Over,15.5,-137,2025-11-14,2025-11-13T17:54:54Z
DraftKings Pick6,player_points_rebounds,Kyle Filipowski,Under,15.5,-137,2025-11-14,2025-11-13T17:54:54Z
DraftKings Pick6,player_points_rebounds,Keyonte George,Over,24.5,-137,2025-11-14,2025-11-13T17:54:54Z
DraftKings Pick6,player_points_rebounds,Devin Booker,Over,32.5,-137,2025-11-14,2025-11-13T17:54:04Z
DraftKings Pick6,player_points_rebounds,Devin Booker,Under,32.5,-137,2025-11-14,2025-11-13T17:54:04Z
DraftKings Pick6,player_points_rebounds,Aaron Nesmith,Over,21.5,-137,2025-11-14,2025-11-13T17:54:04Z
DraftKings Pick6,player_points_rebounds,Aaron Nesmith,Under,21.5,-137,2025-11-14,2025-11-13T17:54:04Z
DraftKings Pick6,player_points_rebounds,Grayson Allen,Over,20.5,-137,2025-11-14,2025-11-13T17:54:04Z
DraftKings Pick6,player_points_rebounds,Grayson Allen,Under,20.5,-137,2025-11-14,2025-11-13T17:54:04Z
DraftKings Pick6,player_points_rebounds,Dillon Brooks,Over,19.5,-137,2025-11-14,2025-11-13T17:54:04Z
DraftKings Pick6,player_points_rebounds,Dillon Brooks,Under,19.5,-137,2025-11-14,2025-11-13T17:54:04Z
DraftKings Pick6,player_points_rebounds,Andrew Nembhard,Over,19.5,-137,2025-11-14,2025-11-13T17:54:04Z
DraftKings Pick6,player_points_rebounds,Andrew Nembhard,Under,19.5,-137,2025-11-14,2025-11-13T17:54:04Z
DraftKings Pick6,player_points_rebounds,Royce O'Neale,Over,16.5,-137,2025-11-14,2025-11-13T17:54:04Z
DraftKings Pick6,player_points_rebounds,Royce O'Neale,Under,16.5,-137,2025-11-14,2025-11-13T17:54:04Z
DraftKings Pick6,player_points_rebounds,Jarace Walker,Over,13.5,-137,2025-11-14,2025-11-13T17:54:04Z
DraftKings Pick6,player_points_rebounds,Jarace Walker,Under,13.5,-137,2025-11-14,2025-11-13T17:54:04Z
PrizePicks,player_points_assists,Donovan Mitchell,Over,33.5,-137,2025-11-14,2025-11-13T18:04:13Z
PrizePicks,player_points_assists,Donovan Mitchell,Under,33.5,-137,2025-11-14,2025-11-13T18:04:13Z
PrizePicks,player_points_assists,Evan Mobley,Over,24.5,-137,2025-11-14,2025-11-13T18:04:13Z
PrizePicks,player_points_assists,Evan Mobley,Under,24.5,-137,2025-11-14,2025-11-13T18:04:13Z
PrizePicks,player_points_assists,Brandon Ingram,Over,23.5,-137,2025-11-14,2025-11-13T18:04:13Z
PrizePicks,player_points_assists,Brandon Ingram,Under,23.5,-137,2025-11-14,2025-11-13T18:04:13Z
PrizePicks,player_points_assists,R.J. Barrett,Over,23.5,-137,2025-11-14,2025-11-13T18:04:13Z
PrizePicks,player_points_assists,R.J. Barrett,Under,23.5,-137,2025-11-14,2025-11-13T18:04:13Z
PrizePicks,player_points_assists,Scottie Barnes,Over,23.5,-137,2025-11-14,2025-11-13T18:04:13Z
PrizePicks,player_points_assists,Scottie Barnes,Under,23.5,-137,2025-11-14,2025-11-13T18:04:13Z
PrizePicks,player_points_assists,Immanuel Quickley,Over,21.5,-137,2025-11-14,2025-11-13T18:04:13Z
PrizePicks,player_points_assists,Immanuel Quickley,Under,21.5,-137,2025-11-14,2025-11-13T18:04:13Z
PrizePicks,player_points_assists,De'Andre Hunter,Over,20.5,-137,2025-11-14,2025-11-13T18:04:13Z
PrizePicks,player_points_assists,De'Andre Hunter,Under,20.5,-137,2025-11-14,2025-11-13T18:04:13Z
PrizePicks,player_points_assists,Jarrett Allen,Over,16.5,-137,2025-11-14,2025-11-13T18:04:13Z
PrizePicks,player_points_assists,Jarrett Allen,Under,16.5,-137,2025-11-14,2025-11-13T18:04:13Z
PrizePicks,player_points_assists,Sam Merrill,Over,13.5,-137,2025-11-14,2025-11-13T18:04:13Z
PrizePicks,player_points_assists,Sam Merrill,Under,13.5,-137,2025-11-14,2025-11-13T18:04:13Z
PrizePicks,player_points_assists,Jakob Poeltl,Over,11.5,-137,2025-11-14,2025-11-13T18:04:13Z
PrizePicks,player_points_assists,Jakob Poeltl,Under,11.5,-137,2025-11-14,2025-11-13T18:04:13Z
PrizePicks,player_points_assists,Sandro Mamukelashvili,Over,10.5,-137,2025-11-14,2025-11-13T18:04:13Z
PrizePicks,player_points_assists,Sandro Mamukelashvili,Under,10.5,-137,2025-11-14,2025-11-13T18:04:13Z
PrizePicks,player_points_assists,Collin Murray-Boyles,Over,8.5,-137,2025-11-14,2025-11-13T18:04:13Z
PrizePicks,player_points_assists,Collin Murray-Boyles,Under,8.5,-137,2025-11-14,2025-11-13T18:04:13Z
PrizePicks,player_points_assists,Lauri Markkanen,Over,27.5,-137,2025-11-14,2025-11-13T18:04:23Z
PrizePicks,player_points_assists,Lauri Markkanen,Under,27.5,-137,2025-11-14,2025-11-13T18:04:23Z
PrizePicks,player_points_assists,Jalen Johnson,Over,26.5,-137,2025-11-14,2025-11-13T18:04:23Z
PrizePicks,player_points_assists,Jalen Johnson,Under,26.5,-137,2025-11-14,2025-11-13T18:04:23Z
PrizePicks,player_points_assists,Keyonte George,Over,25.5,-137,2025-11-14,2025-11-13T18:04:23Z
PrizePicks,player_points_assists,Keyonte George,Under,25.5,-137,2025-11-14,2025-11-13T18:04:23Z
PrizePicks,player_points_assists,Dyson Daniels,Over,21.5,-137,2025-11-14,2025-11-13T18:04:23Z
PrizePicks,player_points_assists,Dyson Daniels,Under,21.5,-137,2025-11-14,2025-11-13T18:04:23Z
PrizePicks,player_points_assists,Nickeil Alexander-Walker,Over,21.5,-137,2025-11-14,2025-11-13T18:04:23Z
PrizePicks,player_points_assists,Nickeil Alexander-Walker,Under,21.5,-137,2025-11-14,2025-11-13T18:04:23Z
PrizePicks,player_points_assists,Onyeka Okongwu,Over,18.5,-137,2025-11-14,2025-11-13T18:04:23Z
PrizePicks,player_points_assists,Onyeka Okongwu,Under,18.5,-137,2025-11-14,2025-11-13T18:04:23Z
PrizePicks,player_points_assists,Zaccharie Risacher,Over,15.5,-137,2025-11-14,2025-11-13T18:04:23Z
PrizePicks,player_points_assists,Zaccharie Risacher,Under,15.5,-137,2025-11-14,2025-11-13T18:04:23Z
PrizePicks,player_points_assists,Jusuf Nurkic,Over,14.5,-137,2025-11-14,2025-11-13T18:04:23Z
PrizePicks,player_points_assists,Jusuf Nurkic,Under,14.5,-137,2025-11-14,2025-11-13T18:04:23Z
PrizePicks,player_points_assists,Isaiah Collier,Over,14.5,-137,2025-11-14,2025-11-13T18:04:23Z
PrizePicks,player_points_assists,Isaiah Collier,Under,14.5,-137,2025-11-14,2025-11-13T18:04:23Z
PrizePicks,player_points_assists,Ace Bailey,Over,12.5,-137,2025-11-14,2025-11-13T18:04:23Z
PrizePicks,player_points_assists,Ace Bailey,Under,12.5,-137,2025-11-14,2025-11-13T18:04:23Z
PrizePicks,player_points_assists,Luke Kennard,Over,12.5,-137,2025-11-14,2025-11-13T18:04:23Z
PrizePicks,player_points_assists,Luke Kennard,Under,12.5,-137,2025-11-14,2025-11-13T18:04:23Z
PrizePicks,player_points_assists,Svi Mykhailiuk,Over,11.5,-137,2025-11-14,2025-11-13T18:04:23Z
PrizePicks,player_points_assists,Svi Mykhailiuk,Under,11.5,-137,2025-11-14,2025-11-13T18:04:23Z
PrizePicks,player_points_assists,Kyle Filipowski,Over,10.5,-137,2025-11-14,2025-11-13T18:04:23Z
PrizePicks,player_points_assists,Kyle Filipowski,Under,10.5,-137,2025-11-14,2025-11-13T18:04:23Z
PrizePicks,player_points_assists,Devin Booker,Over,35.5,-137,2025-11-14,2025-11-13T18:04:37Z
PrizePicks,player_points_assists,Devin Booker,Under,35.5,-137,2025-11-14,2025-11-13T18:04:37Z
PrizePicks,player_points_assists,Pascal Siakam,Over,30.5,-137,2025-11-14,2025-11-13T18:04:37Z
PrizePicks,player_points_assists,Pascal Siakam,Under,30.5,-137,2025-11-14,2025-11-13T18:04:37Z
PrizePicks,player_points_assists,Andrew Nembhard,Over,24.0,-137,2025-11-14,2025-11-13T18:04:37Z
PrizePicks,player_points_assists,Andrew Nembhard,Under,24.0,-137,2025-11-14,2025-11-13T18:04:37Z
PrizePicks,player_points_assists,Grayson Allen,Over,20.5,-137,2025-11-14,2025-11-13T18:04:37Z
PrizePicks,player_points_assists,Grayson Allen,Under,20.5,-137,2025-11-14,2025-11-13T18:04:37Z
PrizePicks,player_points_assists,Dillon Brooks,Over,19.5,-137,2025-11-14,2025-11-13T18:04:37Z
PrizePicks,player_points_assists,Dillon Brooks,Under,19.5,-137,2025-11-14,2025-11-13T18:04:37Z
PrizePicks,player_points_assists,Aaron Nesmith,Over,18.5,-137,2025-11-14,2025-11-13T18:04:37Z
PrizePicks,player_points_assists,Aaron Nesmith,Under,18.5,-137,2025-11-14,2025-11-13T18:04:37Z
PrizePicks,player_points_assists,Royce O'Neale,Over,14.5,-137,2025-11-14,2025-11-13T18:04:37Z
PrizePicks,player_points_assists,Royce O'Neale,Under,14.5,-137,2025-11-14,2025-11-13T18:04:37Z
PrizePicks,player_points_assists,T.J. McConnell,Over,13.5,-137,2025-11-14,2025-11-13T18:04:37Z
PrizePicks,player_points_assists,T.J. McConnell,Under,13.5,-137,2025-11-14,2025-11-13T18:04:37Z
PrizePicks,player_points_assists,Collin Gillespie,Over,13.5,-137,2025-11-14,2025-11-13T18:04:37Z
PrizePicks,player_points_assists,Collin Gillespie,Under,13.5,-137,2025-11-14,2025-11-13T18:04:37Z
PrizePicks,player_points_assists,Jarace Walker,Over,11.5,-137,2025-11-14,2025-11-13T18:04:37Z
PrizePicks,player_points_assists,Jarace Walker,Under,11.5,-137,2025-11-14,2025-11-13T18:04:37Z
PrizePicks,player_points_assists,Ryan Dunn,Over,9.5,-137,2025-11-14,2025-11-13T18:04:37Z
PrizePicks,player_points_assists,Ryan Dunn,Under,9.5,-137,2025-11-14,2025-11-13T18:04:37Z
PrizePicks,player_points_assists,Ben Sheppard,Over,6.5,-137,2025-11-14,2025-11-13T18:04:37Z
PrizePicks,player_points_assists,Ben Sheppard,Under,6.5,-137,2025-11-14,2025-11-13T18:04:37Z
Underdog,player_points_assists,Scottie Barnes,Over,23.5,-137,2025-11-14,2025-11-13T18:07:04Z
Underdog,player_points_assists,Scottie Barnes,Under,23.5,-137,2025-11-14,2025-11-13T18:07:04Z
Underdog,player_points_assists,Donovan Mitchell,Over,33.5,-137,2025-11-14,2025-11-13T18:07:04Z
Underdog,player_points_assists,Donovan Mitchell,Under,33.5,-137,2025-11-14,2025-11-13T18:07:04Z
Underdog,player_points_assists,Immanuel Quickley,Over,21.5,-137,2025-11-14,2025-11-13T18:07:04Z
Underdog,player_points_assists,Immanuel Quickley,Under,21.5,-137,2025-11-14,2025-11-13T18:07:04Z
Underdog,player_points_assists,R.J. Barrett,Over,23.5,-137,2025-11-14,2025-11-13T18:07:04Z
Underdog,player_points_assists,R.J. Barrett,Under,23.5,-137,2025-11-14,2025-11-13T18:07:04Z
Underdog,player_points_assists,De'Andre Hunter,Over,20.5,-137,2025-11-14,2025-11-13T18:07:04Z
Underdog,player_points_assists,De'Andre Hunter,Under,20.5,-137,2025-11-14,2025-11-13T18:07:04Z
Underdog,player_points_assists,Keyonte George,Over,26.5,-137,2025-11-14,2025-11-13T18:07:06Z
Underdog,player_points_assists,Keyonte George,Under,26.5,-137,2025-11-14,2025-11-13T18:07:06Z
Underdog,player_points_assists,Lauri Markkanen,Over,26.5,-137,2025-11-14,2025-11-13T18:07:06Z
Underdog,player_points_assists,Lauri Markkanen,Under,26.5,-137,2025-11-14,2025-11-13T18:07:06Z
Underdog,player_points_assists,Jalen Johnson,Over,26.5,-137,2025-11-14,2025-11-13T18:07:06Z
Underdog,player_points_assists,Jalen Johnson,Under,26.5,-137,2025-11-14,2025-11-13T18:07:06Z
Underdog,player_points_assists,Nickeil Alexander-Walker,Over,21.5,-137,2025-11-14,2025-11-13T18:07:06Z
Underdog,player_points_assists,Nickeil Alexander-Walker,Under,21.5,-137,2025-11-14,2025-11-13T18:07:06Z
Underdog,player_points_assists,Dyson Daniels,Over,21.5,-137,2025-11-14,2025-11-13T18:07:06Z
Underdog,player_points_assists,Dyson Daniels,Under,21.5,-137,2025-11-14,2025-11-13T18:07:06Z
Underdog,player_points_assists,Dillon Brooks,Over,19.5,-137,2025-11-14,2025-11-13T18:07:18Z
Underdog,player_points_assists,Dillon Brooks,Under,19.5,-137,2025-11-14,2025-11-13T18:07:18Z
Underdog,player_points_assists,Grayson Allen,Over,20.5,-137,2025-11-14,2025-11-13T18:07:18Z
Underdog,player_points_assists,Grayson Allen,Under,20.5,-137,2025-11-14,2025-11-13T18:07:18Z
DraftKings Pick6,player_points_assists,Brandon Ingram,Over,24.5,-137,2025-11-14,2025-11-13T17:53:59Z
DraftKings Pick6,player_points_assists,Brandon Ingram,Under,24.5,-137,2025-11-14,2025-11-13T17:53:59Z
DraftKings Pick6,player_points_assists,Scottie Barnes,Over,23.5,-137,2025-11-14,2025-11-13T17:53:59Z
DraftKings Pick6,player_points_assists,Scottie Barnes,Under,23.5,-137,2025-11-14,2025-11-13T17:53:59Z
DraftKings Pick6,player_points_assists,R.J. Barrett,Over,23.5,-137,2025-11-14,2025-11-13T17:53:59Z
DraftKings Pick6,player_points_assists,R.J. Barrett,Under,23.5,-137,2025-11-14,2025-11-13T17:53:59Z
DraftKings Pick6,player_points_assists,Immanuel Quickley,Over,21.5,-137,2025-11-14,2025-11-13T17:53:59Z
DraftKings Pick6,player_points_assists,Immanuel Quickley,Under,21.5,-137,2025-11-14,2025-11-13T17:53:59Z
DraftKings Pick6,player_points_assists,Scottie Barnes,Over,24.5,-137,2025-11-14,2025-11-13T17:53:59Z
DraftKings Pick6,player_points_assists,R.J. Barrett,Over,24.5,-137,2025-11-14,2025-11-13T17:53:59Z
DraftKings Pick6,player_points_assists,Keyonte George,Over,25.5,-137,2025-11-14,2025-11-13T17:54:54Z
DraftKings Pick6,player_points_assists,Keyonte George,Under,25.5,-137,2025-11-14,2025-11-13T17:54:54Z
DraftKings Pick6,player_points_assists,Nickeil Alexander-Walker,Over,21.5,-137,2025-11-14,2025-11-13T17:54:54Z
DraftKings Pick6,player_points_assists,Nickeil Alexander-Walker,Under,21.5,-137,2025-11-14,2025-11-13T17:54:54Z
DraftKings Pick6,player_points_assists,Dyson Daniels,Over,21.5,-137,2025-11-14,2025-11-13T17:54:54Z
DraftKings Pick6,player_points_assists,Dyson Daniels,Under,21.5,-137,2025-11-14,2025-11-13T17:54:54Z
DraftKings Pick6,player_points_assists,Isaiah Collier,Over,14.5,-137,2025-11-14,2025-11-13T17:54:54Z
DraftKings Pick6,player_points_assists,Isaiah Collier,Under,14.5,-137,2025-11-14,2025-11-13T17:54:54Z
DraftKings Pick6,player_points_assists,Jusuf Nurkic,Over,14.5,-137,2025-11-14,2025-11-13T17:54:54Z
DraftKings Pick6,player_points_assists,Jusuf Nurkic,Under,14.5,-137,2025-11-14,2025-11-13T17:54:54Z
DraftKings Pick6,player_points_assists,Devin Booker,Over,35.5,-137,2025-11-14,2025-11-13T17:54:04Z
DraftKings Pick6,player_points_assists,Devin Booker,Under,35.5,-137,2025-11-14,2025-11-13T17:54:04Z
DraftKings Pick6,player_points_assists,Pascal Siakam,Over,30.5,-137,2025-11-14,2025-11-13T17:54:04Z
DraftKings Pick6,player_points_assists,Pascal Siakam,Under,30.5,-137,2025-11-14,2025-11-13T17:54:04Z
DraftKings Pick6,player_points_assists,Andrew Nembhard,Over,23.5,-137,2025-11-14,2025-11-13T17:54:04Z
DraftKings Pick6,player_points_assists,Andrew Nembhard,Under,23.5,-137,2025-11-14,2025-11-13T17:54:04Z
DraftKings Pick6,player_points_assists,Grayson Allen,Over,20.5,-137,2025-11-14,2025-11-13T17:54:04Z
DraftKings Pick6,player_points_assists,Grayson Allen,Under,20.5,-137,2025-11-14,2025-11-13T17:54:04Z
DraftKings Pick6,player_points_assists,Royce O'Neale,Over,13.5,-137,2025-11-14,2025-11-13T17:54:04Z
DraftKings Pick6,player_points_assists,Royce O'Neale,Under,13.5,-137,2025-11-14,2025-11-13T17:54:04Z
DraftKings Pick6,player_points_assists,Andrew Nembhard,Over,24.5,-137,2025-11-14,2025-11-13T17:54:04Z
PrizePicks,player_rebounds_assists,Evan Mobley,Over,14.0,-137,2025-11-14,2025-11-13T18:04:13Z
PrizePicks,player_rebounds_assists,Evan Mobley,Under,14.0,-137,2025-11-14,2025-11-13T18:04:13Z
PrizePicks,player_rebounds_assists,Evan Mobley,Over,13.5,-137,2025-11-14,2025-11-13T18:04:13Z
PrizePicks,player_rebounds_assists,Evan Mobley,Under,13.5,-137,2025-11-14,2025-11-13T18:04:13Z
PrizePicks,player_rebounds_assists,Scottie Barnes,Over,12.5,-137,2025-11-14,2025-11-13T18:04:13Z
PrizePicks,player_rebounds_assists,Scottie Barnes,Under,12.5,-137,2025-11-14,2025-11-13T18:04:13Z
PrizePicks,player_rebounds_assists,Jakob Poeltl,Over,10.5,-137,2025-11-14,2025-11-13T18:04:13Z
PrizePicks,player_rebounds_assists,Jakob Poeltl,Under,10.5,-137,2025-11-14,2025-11-13T18:04:13Z
PrizePicks,player_rebounds_assists,Brandon Ingram,Over,10.0,-137,2025-11-14,2025-11-13T18:04:13Z
PrizePicks,player_rebounds_assists,Brandon Ingram,Under,10.0,-137,2025-11-14,2025-11-13T18:04:13Z
PrizePicks,player_rebounds_assists,Immanuel Quickley,Over,10.0,-137,2025-11-14,2025-11-13T18:04:13Z
PrizePicks,player_rebounds_assists,Immanuel Quickley,Under,10.0,-137,2025-11-14,2025-11-13T18:04:13Z
PrizePicks,player_rebounds_assists,Donovan Mitchell,Over,10.0,-137,2025-11-14,2025-11-13T18:04:13Z
PrizePicks,player_rebounds_assists,Donovan Mitchell,Under,10.0,-137,2025-11-14,2025-11-13T18:04:13Z
PrizePicks,player_rebounds_assists,Jarrett Allen,Over,9.5,-137,2025-11-14,2025-11-13T18:04:13Z
PrizePicks,player_rebounds_assists,Jarrett Allen,Under,9.5,-137,2025-11-14,2025-11-13T18:04:13Z
PrizePicks,player_rebounds_assists,R.J. Barrett,Over,9.0,-137,2025-11-14,2025-11-13T18:04:13Z
PrizePicks,player_rebounds_assists,R.J. Barrett,Under,9.0,-137,2025-11-14,2025-11-13T18:04:13Z
PrizePicks,player_rebounds_assists,De'Andre Hunter,Over,7.5,-137,2025-11-14,2025-11-13T18:04:13Z
PrizePicks,player_rebounds_assists,De'Andre Hunter,Under,7.5,-137,2025-11-14,2025-11-13T18:04:13Z
PrizePicks,player_rebounds_assists,Collin Murray-Boyles,Over,5.5,-137,2025-11-14,2025-11-13T18:04:13Z
PrizePicks,player_rebounds_assists,Collin Murray-Boyles,Under,5.5,-137,2025-11-14,2025-11-13T18:04:13Z
PrizePicks,player_rebounds_assists,Jalen Johnson,Over,14.5,-137,2025-11-14,2025-11-13T18:04:23Z
PrizePicks,player_rebounds_assists,Jalen Johnson,Under,14.5,-137,2025-11-14,2025-11-13T18:04:23Z
PrizePicks,player_rebounds_assists,Jusuf Nurkic,Over,14.5,-137,2025-11-14,2025-11-13T18:04:23Z
PrizePicks,player_rebounds_assists,Jusuf Nurkic,Under,14.5,-137,2025-11-14,2025-11-13T18:04:23Z
PrizePicks,player_rebounds_assists,Dyson Daniels,Over,13.0,-137,2025-11-14,2025-11-13T18:04:23Z
PrizePicks,player_rebounds_assists,Dyson Daniels,Under,13.0,-137,2025-11-14,2025-11-13T18:04:23Z
PrizePicks,player_rebounds_assists,Onyeka Okongwu,Over,11.0,-137,2025-11-14,2025-11-13T18:04:23Z
PrizePicks,player_rebounds_assists,Onyeka Okongwu,Under,11.0,-137,2025-11-14,2025-11-13T18:04:23Z
PrizePicks,player_rebounds_assists,Keyonte George,Over,10.0,-137,2025-11-14,2025-11-13T18:04:23Z
PrizePicks,player_rebounds_assists,Keyonte George,Under,10.0,-137,2025-11-14,2025-11-13T18:04:23Z
PrizePicks,player_rebounds_assists,Isaiah Collier,Over,9.0,-137,2025-11-14,2025-11-13T18:04:23Z
PrizePicks,player_rebounds_assists,Isaiah Collier,Under,9.0,-137,2025-11-14,2025-11-13T18:04:23Z
PrizePicks,player_rebounds_assists,Kyle Filipowski,Over,8.0,-137,2025-11-14,2025-11-13T18:04:23Z
PrizePicks,player_rebounds_assists,Kyle Filipowski,Under,8.0,-137,2025-11-14,2025-11-13T18:04:23Z
PrizePicks,player_rebounds_assists,Lauri Markkanen,Over,8.0,-137,2025-11-14,2025-11-13T18:04:23Z
PrizePicks,player_rebounds_assists,Lauri Markkanen,Under,8.0,-137,2025-11-14,2025-11-13T18:04:23Z
PrizePicks,player_rebounds_assists,Nickeil Alexander-Walker,Over,6.5,-137,2025-11-14,2025-11-13T18:04:23Z
PrizePicks,player_rebounds_assists,Nickeil Alexander-Walker,Under,6.5,-137,2025-11-14,2025-11-13T18:04:23Z
PrizePicks,player_rebounds_assists,Ace Bailey,Over,6.5,-137,2025-11-14,2025-11-13T18:04:23Z
PrizePicks,player_rebounds_assists,Ace Bailey,Under,6.5,-137,2025-11-14,2025-11-13T18:04:23Z
PrizePicks,player_rebounds_assists,Svi Mykhailiuk,Over,5.0,-137,2025-11-14,2025-11-13T18:04:23Z
PrizePicks,player_rebounds_assists,Svi Mykhailiuk,Under,5.0,-137,2025-11-14,2025-11-13T18:04:23Z
PrizePicks,player_rebounds_assists,Zaccharie Risacher,Over,4.5,-137,2025-11-14,2025-11-13T18:04:23Z
PrizePicks,player_rebounds_assists,Zaccharie Risacher,Under,4.5,-137,2025-11-14,2025-11-13T18:04:23Z
PrizePicks,player_rebounds_assists,Pascal Siakam,Over,12.5,-137,2025-11-14,2025-11-13T18:04:37Z
PrizePicks,player_rebounds_assists,Pascal Siakam,Under,12.5,-137,2025-11-14,2025-11-13T18:04:37Z
PrizePicks,player_rebounds_assists,Devin Booker,Over,11.5,-137,2025-11-14,2025-11-13T18:04:37Z
PrizePicks,player_rebounds_assists,Devin Booker,Under,11.5,-137,2025-11-14,2025-11-13T18:04:37Z
PrizePicks,player_rebounds_assists,Andrew Nembhard,Over,10.0,-137,2025-11-14,2025-11-13T18:04:37Z
PrizePicks,player_rebounds_assists,Andrew Nembhard,Under,10.0,-137,2025-11-14,2025-11-13T18:04:37Z
PrizePicks,player_rebounds_assists,Royce O'Neale,Over,8.5,-137,2025-11-14,2025-11-13T18:04:37Z
PrizePicks,player_rebounds_assists,Royce O'Neale,Under,8.5,-137,2025-11-14,2025-11-13T18:04:37Z
PrizePicks,player_rebounds_assists,Collin Gillespie,Over,7.5,-137,2025-11-14,2025-11-13T18:04:37Z
PrizePicks,player_rebounds_assists,Collin Gillespie,Under,7.5,-137,2025-11-14,2025-11-13T18:04:37Z
PrizePicks,player_rebounds_assists,Jarace Walker,Over,7.0,-137,2025-11-14,2025-11-13T18:04:37Z
PrizePicks,player_rebounds_assists,Jarace Walker,Under,7.0,-137,2025-11-14,2025-11-13T18:04:37Z
PrizePicks,player_rebounds_assists,Isaiah Jackson,Over,6.5,-137,2025-11-14,2025-11-13T18:04:37Z
PrizePicks,player_rebounds_assists,Isaiah Jackson,Under,6.5,-137,2025-11-14,2025-11-13T18:04:37Z
PrizePicks,player_rebounds_assists,Aaron Nesmith,Over,6.0,-137,2025-11-14,2025-11-13T18:04:37Z
PrizePicks,player_rebounds_assists,Aaron Nesmith,Under,6.0,-137,2025-11-14,2025-11-13T18:04:37Z
PrizePicks,player_rebounds_assists,Dillon Brooks,Over,5.0,-137,2025-11-14,2025-11-13T18:04:37Z
PrizePicks,player_rebounds_assists,Dillon Brooks,Under,5.0,-137,2025-11-14,2025-11-13T18:04:37Z
PrizePicks,player_rebounds_assists,Oso Ighodaro,Over,5.0,-137,2025-11-14,2025-11-13T18:04:37Z
PrizePicks,player_rebounds_assists,Oso Ighodaro,Under,5.0,-137,2025-11-14,2025-11-13T18:04:37Z
Underdog,player_rebounds_assists,Scottie Barnes,Over,12.5,-137,2025-11-14,2025-11-13T18:07:04Z
Underdog,player_rebounds_assists,Scottie Barnes,Under,12.5,-137,2025-11-14,2025-11-13T18:07:04Z
Underdog,player_rebounds_assists,Jarrett Allen,Over,9.5,-137,2025-11-14,2025-11-13T18:07:04Z
Underdog,player_rebounds_assists,Jarrett Allen,Under,9.5,-137,2025-11-14,2025-11-13T18:07:04Z
Underdog,player_rebounds_assists,Jakob Poeltl,Over,10.5,-137,2025-11-14,2025-11-13T18:07:04Z
Underdog,player_rebounds_assists,Jakob Poeltl,Under,10.5,-137,2025-11-14,2025-11-13T18:07:04Z
Underdog,player_rebounds_assists,De'Andre Hunter,Over,7.5,-137,2025-11-14,2025-11-13T18:07:04Z
Underdog,player_rebounds_assists,De'Andre Hunter,Under,7.5,-137,2025-11-14,2025-11-13T18:07:04Z
Underdog,player_rebounds_assists,Jalen Johnson,Over,14.5,-137,2025-11-14,2025-11-13T18:07:06Z
Underdog,player_rebounds_assists,Jalen Johnson,Under,14.5,-137,2025-11-14,2025-11-13T18:07:06Z
Underdog,player_rebounds_assists,Jusuf Nurkic,Over,14.5,-137,2025-11-14,2025-11-13T18:07:06Z
Underdog,player_rebounds_assists,Jusuf Nurkic,Under,14.5,-137,2025-11-14,2025-11-13T18:07:06Z
Underdog,player_rebounds_assists,Kyle Filipowski,Over,7.5,-137,2025-11-14,2025-11-13T18:07:06Z
Underdog,player_rebounds_assists,Kyle Filipowski,Under,7.5,-137,2025-11-14,2025-11-13T18:07:06Z
Underdog,player_rebounds_assists,Devin Booker,Over,11.5,-137,2025-11-14,2025-11-13T18:07:18Z
Underdog,player_rebounds_assists,Devin Booker,Under,11.5,-137,2025-11-14,2025-11-13T18:07:18Z
Underdog,player_rebounds_assists,Collin Gillespie,Over,7.5,-137,2025-11-14,2025-11-13T18:07:18Z
Underdog,player_rebounds_assists,Collin Gillespie,Under,7.5,-137,2025-11-14,2025-11-13T18:07:18Z
DraftKings Pick6,player_rebounds_assists,Scottie Barnes,Over,12.5,-137,2025-11-14,2025-11-13T17:53:59Z
DraftKings Pick6,player_rebounds_assists,Scottie Barnes,Under,12.5,-137,2025-11-14,2025-11-13T17:53:59Z
DraftKings Pick6,player_rebounds_assists,Jusuf Nurkic,Over,14.5,-137,2025-11-14,2025-11-13T17:54:54Z
DraftKings Pick6,player_rebounds_assists,Jusuf Nurkic,Under,14.5,-137,2025-11-14,2025-11-13T17:54:54Z
DraftKings Pick6,player_rebounds_assists,Nickeil Alexander-Walker,Over,6.5,-137,2025-11-14,2025-11-13T17:54:54Z
DraftKings Pick6,player_rebounds_assists,Nickeil Alexander-Walker,Under,6.5,-137,2025-11-14,2025-11-13T17:54:54Z
DraftKings Pick6,player_rebounds_assists,Pascal Siakam,Over,12.5,-137,2025-11-14,2025-11-13T17:54:04Z
DraftKings Pick6,player_rebounds_assists,Pascal Siakam,Under,12.5,-137,2025-11-14,2025-11-13T17:54:04Z
DraftKings Pick6,player_rebounds_assists,Royce O'Neale,Over,8.5,-137,2025-11-14,2025-11-13T17:54:04Z
DraftKings Pick6,player_rebounds_assists,Royce O'Neale,Under,8.5,-137,2025-11-14,2025-11-13T17:54:04Z
DraftKings Pick6,player_rebounds_assists,Grayson Allen,Over,7.5,-137,2025-11-14,2025-11-13T17:54:04Z
DraftKings Pick6,player_rebounds_assists,Grayson Allen,Under,7.5,-137,2025-11-14,2025-11-13T17:54:04Z
PrizePicks,player_turnovers,Brandon Ingram,Over,2.5,-137,2025-11-14,2025-11-13T18:04:13Z
PrizePicks,player_turnovers,Brandon Ingram,Under,2.5,-137,2025-11-14,2025-11-13T18:04:13Z
PrizePicks,player_turnovers,Immanuel Quickley,Over,1.5,-137,2025-11-14,2025-11-13T18:04:13Z
PrizePicks,player_turnovers,Immanuel Quickley,Under,1.5,-137,2025-11-14,2025-11-13T18:04:13Z
PrizePicks,player_turnovers,Gradey Dick,Over,0.5,-137,2025-11-14,2025-11-13T18:04:13Z
PrizePicks,player_turnovers,Gradey Dick,Under,0.5,-137,2025-11-14,2025-11-13T18:04:13Z
PrizePicks,player_turnovers,Ace Bailey,Over,1.5,-137,2025-11-14,2025-11-13T18:04:23Z
PrizePicks,player_turnovers,Ace Bailey,Under,1.5,-137,2025-11-14,2025-11-13T18:04:23Z
PrizePicks,player_turnovers,Kyle Filipowski,Over,1.5,-137,2025-11-14,2025-11-13T18:04:23Z
PrizePicks,player_turnovers,Kyle Filipowski,Under,1.5,-137,2025-11-14,2025-11-13T18:04:23Z
PrizePicks,player_turnovers,Onyeka Okongwu,Over,1.5,-137,2025-11-14,2025-11-13T18:04:23Z
PrizePicks,player_turnovers,Onyeka Okongwu,Under,1.5,-137,2025-11-14,2025-11-13T18:04:23Z
PrizePicks,player_turnovers,Devin Booker,Over,3.5,-137,2025-11-14,2025-11-13T18:04:37Z
PrizePicks,player_turnovers,Devin Booker,Under,3.5,-137,2025-11-14,2025-11-13T18:04:37Z
PrizePicks,player_turnovers,Pascal Siakam,Over,2.5,-137,2025-11-14,2025-11-13T18:04:37Z
PrizePicks,player_turnovers,Pascal Siakam,Under,2.5,-137,2025-11-14,2025-11-13T18:04:37Z
PrizePicks,player_turnovers,Ben Sheppard,Over,0.5,-137,2025-11-14,2025-11-13T18:04:37Z
PrizePicks,player_turnovers,Ben Sheppard,Under,0.5,-137,2025-11-14,2025-11-13T18:04:37Z
Underdog,player_turnovers,Brandon Ingram,Over,2.5,-137,2025-11-14,2025-11-13T18:07:04Z
Underdog,player_turnovers,Brandon Ingram,Under,2.5,-137,2025-11-14,2025-11-13T18:07:04Z
Underdog,player_turnovers,Evan Mobley,Over,2.5,-137,2025-11-14,2025-11-13T18:07:04Z
Underdog,player_turnovers,Evan Mobley,Under,2.5,-137,2025-11-14,2025-11-13T18:07:04Z
Underdog,player_turnovers,Devin Booker,Over,3.5,-137,2025-11-14,2025-11-13T18:07:18Z
Underdog,player_turnovers,Devin Booker,Under,3.5,-137,2025-11-14,2025-11-13T18:07:18Z
Underdog,player_turnovers,Pascal Siakam,Over,2.5,-137,2025-11-14,2025-11-13T18:07:18Z
Underdog,player_turnovers,Pascal Siakam,Under,2.5,-137,2025-11-14,2025-11-13T18:07:18Z
PrizePicks,player_blocks_steals,Scottie Barnes,Over,2.5,-137,2025-11-14,2025-11-13T18:04:13Z
PrizePicks,player_blocks_steals,Scottie Barnes,Under,2.5,-137,2025-11-14,2025-11-13T18:04:13Z
PrizePicks,player_blocks_steals,Donovan Mitchell,Over,1.5,-137,2025-11-14,2025-11-13T18:04:13Z
PrizePicks,player_blocks_steals,Donovan Mitchell,Under,1.5,-137,2025-11-14,2025-11-13T18:04:13Z
PrizePicks,player_blocks_steals,Jakob Poeltl,Over,1.5,-137,2025-11-14,2025-11-13T18:04:13Z
PrizePicks,player_blocks_steals,Jakob Poeltl,Under,1.5,-137,2025-11-14,2025-11-13T18:04:13Z
PrizePicks,player_blocks_steals,Gradey Dick,Over,0.5,-137,2025-11-14,2025-11-13T18:04:13Z
PrizePicks,player_blocks_steals,Gradey Dick,Under,0.5,-137,2025-11-14,2025-11-13T18:04:13Z
PrizePicks,player_blocks_steals,Walter Clayton Jr.,Over,0.5,-137,2025-11-14,2025-11-13T18:04:23Z
PrizePicks,player_blocks_steals,Walter Clayton Jr.,Under,0.5,-137,2025-11-14,2025-11-13T18:04:23Z
PrizePicks,player_blocks_steals,Pascal Siakam,Over,1.5,-137,2025-11-14,2025-11-13T18:04:37Z
PrizePicks,player_blocks_steals,Pascal Siakam,Under,1.5,-137,2025-11-14,2025-11-13T18:04:37Z
PrizePicks,player_blocks_steals,Royce O'Neale,Over,1.5,-137,2025-11-14,2025-11-13T18:04:37Z
PrizePicks,player_blocks_steals,Royce O'Neale,Under,1.5,-137,2025-11-14,2025-11-13T18:04:37Z
PrizePicks,player_blocks_steals,Ben Sheppard,Over,0.5,-137,2025-11-14,2025-11-13T18:04:37Z
PrizePicks,player_blocks_steals,Ben Sheppard,Under,0.5,-137,2025-11-14,2025-11-13T18:04:37Z
Underdog,player_blocks_steals,Scottie Barnes,Over,2.5,-137,2025-11-14,2025-11-13T18:07:04Z
Underdog,player_blocks_steals,Scottie Barnes,Under,2.5,-137,2025-11-14,2025-11-13T18:07:04Z
DraftKings Pick6,player_blocks_steals,Pascal Siakam,Over,1.5,-137,2025-11-14,2025-11-13T17:54:04Z
DraftKings Pick6,player_blocks_steals,Pascal Siakam,Under,1.5,-137,2025-11-14,2025-11-13T17:54:04Z
