PLAYER_ID,POSITION,HEIGHT,WEIGHT
200765,Guard,6-1,180.0
203210,Forward-Center,6-9,227.0
202694,Forward,6-8,218.0
201935,Guard,6-5,220.0
1629651,Center,6-11,215.0
202689,Guard,6-0,184.0
1628420,Guard,6-2,183.0
1626161,Center,7-0,240.0
203468,Guard,6-3,190.0
1628389,Center-Forward,6-9,255.0
201572,Center,7-1,282.0
202683,Center,6-10,250.0
1629639,Guard,6-5,195.0
203473,Center,6-10,245.0
1630202,Guard,6-1,195.0
203081,Guard,6-2,195.0
1628467,Forward,6-10,240.0
202684,Center-Forward,6-9,254.0
203496,Forward,6-7,209.0
1630210,Guard,5-10,175.0
1626171,Forward,6-10,250.0
202331,Forward,6-8,220.0
1626181,Guard,6-4,215.0
1629684,Forward,6-6,236.0
1629682,Guard,5-10,175.0
203085,Guard,6-4,200.0
1627826,Center,7-0,240.0
1627827,Forward,6-7,220.0
200794,Forward,6-7,257.0
1629740,Forward,6-9,236.0
202695,Forward,6-7,225.0
203095,Guard-Forward,6-6,205.0
202710,Forward,6-7,230.0
1627854,Guard,6-2,205.0
1628369,Forward-Guard,6-8,210.0
1626196,Guard,6-5,200.0
202704,Guard,6-2,208.0
1626192,Guard,6-5,209.0
203114,Forward,6-7,222.0
200782,Forward,6-5,245.0
201145,Forward,6-8,235.0
1630174,Guard-Forward,6-6,215.0
203501,Guard-Forward,6-5,205.0
202681,Guard,6-2,195.0
1628971,Guard-Forward,6-4,202.0
2738,Guard-Forward,6-6,215.0
203953,Forward,6-7,245.0
1629013,Guard,6-4,190.0
1630267,Guard,5-10,195.0
203939,Forward-Center,6-10,240.0
1629134,Guard,6-3,190.0
1629014,Guard,6-3,200.0
1629130,Forward,6-7,215.0
201609,Guard,6-4,190.0
201933,Forward,6-9,250.0
203935,Guard,6-3,220.0
1629029,Forward-Guard,6-6,230.0
2546,Forward,6-7,238.0
201950,Guard,6-4,205.0
203932,Forward,6-8,235.0
1629057,Center-Forward,6-9,249.0
203925,Guard-Forward,6-6,220.0
201976,Guard,6-2,180.0
2772,Forward,6-8,215.0
1629008,Forward,6-10,218.0
201142,Forward,6-11,240.0
203994,Center,7-0,290.0
201586,Forward,6-11,235.0
1629611,Guard-Forward,6-5,215.0
1628973,Guard,6-2,190.0
203999,Center,6-11,284.0
1628978,Guard,6-4,203.0
201587,Guard-Forward,6-8,230.0
203507,Forward,6-11,243.0
1627936,Guard,6-5,186.0
204001,Forward-Center,7-2,240.0
1629661,Forward,6-8,210.0
202711,Forward,6-7,226.0
1629027,Guard,6-1,164.0
1629028,Center,7-0,252.0
203901,Guard,6-3,195.0
1629671,Guard-Forward,6-5,206.0
1628470,Forward,6-5,221.0
202734,Guard,6-3,191.0
1629680,Guard-Forward,6-5,201.0
1629628,Forward-Guard,6-6,214.0
1628960,Guard,6-4,198.0
201577,Center,7-1,281.0
203076,Forward-Center,6-10,253.0
1629060,Forward,6-8,230.0
203078,Guard,6-4,207.0
202722,Forward,6-10,225.0
202685,Center,6-11,265.0
1629659,Guard,6-4,234.0
202397,Guard,6-0,175.0
201980,Guard,6-6,215.0
1628991,Forward-Center,6-10,242.0
202692,Guard,6-5,214.0
202083,Guard,6-5,220.0
1629001,Guard,6-3,200.0
1628415,Guard-Forward,6-6,225.0
1629655,Forward-Center,6-10,265.0
1628398,Forward,6-9,221.0
1629003,Guard,6-5,205.0
1629630,Guard,6-2,174.0
201568,Forward,6-10,236.0
201959,Forward,6-9,232.0
1628969,Guard-Forward,6-6,209.0
201566,Guard,6-4,200.0
1628381,Forward-Center,6-9,226.0
202699,Forward,6-8,226.0
202324,Forward,6-9,265.0
201565,Guard,6-3,200.0
1628373,Guard,6-4,200.0
1628989,Guard-Forward,6-7,198.0
201588,Guard,6-4,188.0
1629631,Forward-Guard,6-8,221.0
2544,Forward,6-9,250.0
201144,Guard,6-0,175.0
203967,Forward-Center,6-10,225.0
203991,Center,6-10,256.0
203992,Guard,6-5,225.0
1630178,Guard,6-2,200.0
101108,Guard,6-0,175.0
1626166,Guard,6-3,183.0
203503,Guard,6-6,213.0
1630214,Forward,6-7,245.0
1630217,Guard,6-5,215.0
203954,Center-Forward,7-0,280.0
203497,Center,7-1,258.0
204060,Forward-Guard,6-8,220.0
203457,Center-Forward,6-10,220.0
203458,Center,7-0,250.0
203493,Guard-Forward,6-6,205.0
1626145,Guard,6-1,196.0
101150,Guard,6-2,175.0
1630193,Guard,6-2,190.0
203484,Guard,6-5,204.0
1626164,Guard,6-6,206.0
1626149,Forward-Center,6-7,240.0
1630168,Forward-Center,6-10,240.0
203471,Guard,6-1,175.0
1626220,Forward,6-6,226.0
203903,Guard,6-3,194.0
203083,Center,6-11,279.0
1627788,Guard-Forward,6-7,202.0
203937,Forward-Guard,6-9,230.0
1627777,Forward,6-7,230.0
203109,Forward,6-6,235.0
203552,Guard,6-1,185.0
1630167,Forward,6-9,220.0
2730,Center-Forward,6-10,265.0
203944,Forward-Center,6-9,250.0
203526,Guard,6-2,180.0
1629604,Forward-Guard,6-6,200.0
1627732,Guard-Forward,6-10,240.0
1630241,Guard,6-4,205.0
1629091,Guard,6-5,210.0
202357,Forward,6-9,234.0
1629626,Center-Forward,7-3,220.0
1629622,Guard-Forward,6-5,215.0
1629216,Guard,6-2,200.0
1628427,Forward,6-8,236.0
1629603,Forward,6-9,228.0
1627884,Forward,6-6,210.0
1630173,Forward,6-8,243.0
1629670,Forward,6-8,225.0
1628388,Forward,6-10,222.0
1626178,Forward,6-6,217.0
1626253,Guard-Forward,6-7,210.0
1628385,Forward-Center,6-10,240.0
1627885,Guard,6-4,195.0
1629644,Forward-Guard,6-8,215.0
1629642,Forward-Guard,6-6,220.0
1630192,Forward-Center,6-9,240.0
1629035,Guard,5-11,200.0
1627789,Guard-Forward,6-7,215.0
1628436,Center-Forward,7-1,250.0
1628455,Guard,6-1,175.0
202693,Forward,6-9,245.0
204020,Guard,6-3,186.0
1628400,Forward,6-6,240.0
1628993,Forward,6-8,212.0
1629641,Guard-Forward,6-5,216.0
201188,Center,6-11,255.0
203118,Forward,6-7,237.0
1629617,Forward-Center,6-8,250.0
1630194,Forward,6-9,210.0
1630198,Guard,6-3,165.0
1628990,Forward-Guard,6-6,210.0
1628378,Guard,6-3,215.0
201229,Forward,6-8,240.0
1629726,Guard,6-6,215.0
1630216,Guard,6-1,185.0
1630264,Forward,6-8,230.0
1629067,Guard,6-8,180.0
201952,Guard,6-3,195.0
203463,Guard,6-3,195.0
203524,Forward,6-6,226.0
1626163,Forward-Center,7-0,240.0
1627812,Guard,6-0,178.0
1629599,Guard-Forward,6-7,210.0
1629833,Guard,6-4,200.0
201580,Center-Forward,7-0,270.0
1629634,Forward,6-8,215.0
1628382,Forward,6-8,220.0
203504,Guard,6-0,185.0
1629605,Center,7-6,311.0
1630233,Forward-Center,6-8,253.0
1630219,Guard,6-3,205.0
1629185,Guard,5-11,175.0
1628995,Forward,6-8,215.0
1630187,Center,6-8,240.0
1627739,Guard,6-3,205.0
1626246,Center,7-4,290.0
1630182,Guard,6-5,200.0
1628379,Guard,6-5,206.0
1628035,Forward,6-7,215.0
1630188,Forward-Center,6-9,215.0
1628975,Guard,6-1,200.0
204038,Guard,6-1,200.0
201162,Forward,6-6,237.0
1629714,Forward,6-5,250.0
1629723,Guard,6-5,210.0
1629730,Guard,6-3,209.0
1629752,Forward,6-7,232.0
1629744,Guard,6-3,190.0
1630235,Guard,6-4,210.0
1626159,Forward-Guard,6-6,222.0
203648,Forward,6-7,219.0
202326,Center,6-10,270.0
203115,Guard,6-5,181.0
1630206,Guard,6-5,220.0
101141,Forward,6-9,235.0
1628981,Forward-Center,6-9,240.0
1628962,Center-Forward,6-11,270.0
1629629,Forward-Guard,6-7,217.0
1627846,Forward,6-5,225.0
1630234,Guard,6-3,195.0
1630201,Guard,6-1,185.0
1628449,Forward,6-9,200.0
201152,Forward,6-8,225.0
1630183,Forward,6-9,185.0
1628384,Forward-Guard,6-7,240.0
1627832,Guard,6-0,197.0
1627863,Forward-Guard,6-6,220.0
1629675,Center-Forward,6-9,264.0
202691,Guard,6-5,220.0
1629673,Guard,6-4,194.0
201939,Guard,6-2,185.0
1629717,Guard,6-3,195.0
1630162,Guard,6-4,225.0
1629308,Forward,6-6,209.0
1629162,Guard,6-0,185.0
1629139,Guard-Forward,6-9,215.0
1629020,Forward,6-8,214.0
202355,Center,7-0,265.0
1629018,Guard,6-5,204.0
203110,Forward,6-6,230.0
1626172,Forward,6-9,222.0
1627823,Forward,6-9,214.0
1630533,Forward,6-9,185.0
1630228,Forward,6-7,225.0
1626157,Center-Forward,7-0,248.0
1630541,Guard,6-5,211.0
1626156,Guard,6-3,193.0
203500,Center,6-11,265.0
203952,Forward,6-7,197.0
1630567,Forward-Guard,6-7,237.0
1630625,Forward,6-8,203.0
203920,Center,6-8,233.0
203915,Guard,6-5,215.0
1627736,Guard,6-4,187.0
1630538,Guard,6-2,169.0
1627814,Guard-Forward,6-6,210.0
1627783,Forward,6-8,245.0
203490,Forward,6-8,230.0
1627780,Guard,6-2,195.0
1627752,Forward,6-6,218.0
1627759,Guard-Forward,6-6,223.0
201988,Guard,6-2,180.0
1629312,Forward,6-5,220.0
1628464,Forward-Center,6-8,245.0
1629632,Guard,6-5,195.0
201942,Guard-Forward,6-6,220.0
1627742,Forward,6-8,190.0
1629637,Center-Forward,7-0,220.0
203476,Center,6-10,248.0
1628401,Guard,6-4,190.0
1628984,Guard,6-1,195.0
202696,Center,6-10,260.0
1626153,Guard,6-5,185.0
1626204,Forward-Center,6-8,245.0
1628997,Forward,6-5,205.0
203897,Guard,6-5,200.0
201143,Center-Forward,6-9,240.0
1630552,Forward,6-8,219.0
1630230,Forward,6-6,220.0
1630245,Guard,6-5,200.0
1629750,Guard,6-5,205.0
200768,Guard,6-0,196.0
1630529,Forward,6-7,206.0
1630530,Forward,6-8,206.0
1630172,Forward,6-7,215.0
1630209,Center,6-11,275.0
1630556,Forward,6-7,203.0
1630631,Guard,6-0,179.0
1629633,Guard-Forward,6-6,195.0
1629669,Guard,6-4,201.0
1629006,Guard,6-4,213.0
1630549,Center,6-9,265.0
1630560,Guard,6-3,210.0
201599,Center,6-11,265.0
202328,Forward-Center,6-10,250.0
1629672,Forward,6-6,255.0
1628425,Guard-Forward,6-5,219.0
1628972,Guard-Forward,6-7,215.0
1628396,Center-Forward,6-11,248.0
1630492,Guard,6-3,190.0
202687,Center,6-8,255.0
1629004,Guard-Forward,6-7,205.0
1628988,Guard,6-0,185.0
1630531,Guard,6-4,202.0
203506,Guard,6-3,213.0
1626195,Center-Forward,6-11,250.0
202066,Guard-Forward,6-5,195.0
1630688,Forward,6-5,250.0
1629638,Guard,6-5,205.0
1627737,Forward,6-9,240.0
1630215,Guard,6-3,193.0
1630238,Forward,6-5,230.0
203917,Guard,6-6,207.0
1630573,Forward,6-7,217.0
1629646,Center-Forward,6-10,230.0
1630596,Center,6-11,215.0
1629731,Forward-Center,6-9,228.0
1629011,Center-Forward,7-0,240.0
1630561,Guard,6-4,204.0
1629667,Forward,6-9,190.0
1629656,Guard,6-4,210.0
203084,Forward,6-8,225.0
1629636,Guard,6-1,192.0
1630171,Forward-Guard,6-5,225.0
1630558,Guard,6-0,202.0
1628392,Center-Forward,7-0,250.0
1627749,Guard,6-4,180.0
1628386,Center,6-9,243.0
201937,Guard,6-2,190.0
1628370,Guard,6-3,200.0
1627763,Guard,6-4,229.0
1627734,Forward-Center,6-10,240.0
1627747,Guard,6-6,205.0
1626168,Forward,6-9,234.0
1628368,Guard,6-3,185.0
1628410,Guard,6-4,196.0
1631099,Forward,6-8,225.0
1630180,Guard-Forward,6-7,215.0
1628404,Guard,6-4,215.0
203082,Guard-Forward,6-7,206.0
1626224,Forward,6-7,230.0
1627750,Guard,6-4,215.0
1628964,Center,7-0,231.0
1629111,Center,6-11,255.0
1629117,Forward,6-9,205.0
203486,Forward-Center,6-10,254.0
1629022,Guard-Forward,6-4,204.0
1631169,Forward,6-8,205.0
1631111,Guard,6-5,215.0
1630583,Forward-Center,7-0,215.0
1631128,Guard,6-6,220.0
1631108,Guard,6-5,190.0
1631223,Forward,6-4,255.0
201567,Forward-Center,6-8,251.0
1631212,Guard,6-7,200.0
1630559,Guard,6-5,197.0
201569,Guard,6-3,215.0
1629056,Guard,6-4,201.0
1631254,Forward,6-6,275.0
203933,Forward,6-8,220.0
1630540,Guard,6-1,195.0
1630554,Guard,6-3,181.0
1630527,Guard,6-6,188.0
203086,Forward-Center,7-0,260.0
1629002,Forward-Center,6-10,225.0
203469,Forward-Center,6-11,240.0
1630699,Forward,6-7,199.0
1631116,Forward,6-9,220.0
1629610,Guard-Forward,6-5,222.0
1630237,Forward,6-6,227.0
1628408,Guard-Forward,6-6,205.0
1630205,Forward,6-7,230.0
2617,Forward,6-7,235.0
203488,Forward-Center,6-10,240.0
1630551,Guard-Forward,6-6,206.0
1631107,Forward,6-10,205.0
1628418,Center-Forward,6-10,248.0
1630175,Guard,6-2,185.0
203914,Guard,6-4,210.0
1629234,Forward-Center,6-10,245.0
203200,Forward-Guard,6-6,180.0
1630568,Center,6-10,243.0
1630532,Forward,6-10,220.0
202738,Guard,5-9,185.0
1627741,Guard,6-4,220.0
1628371,Forward,6-10,230.0
1631094,Forward,6-10,250.0
1630591,Guard,6-5,205.0
1628976,Center-Forward,6-10,270.0
1629021,Forward-Center,6-11,245.0
1626162,Forward-Guard,6-8,203.0
1628365,Guard,6-4,209.0
1630598,Guard,6-5,190.0
1629023,Forward,6-6,230.0
204456,Guard,6-1,190.0
1630639,Guard,6-6,179.0
1629026,Guard-Forward,6-6,210.0
1628983,Guard,6-6,195.0
1641726,Center,7-1,230.0
1626167,Center-Forward,6-11,250.0
1630169,Guard,6-5,185.0
1641765,Forward,6-7,230.0
1631170,Guard,6-6,225.0
1641767,Guard,6-6,190.0
1641717,Guard,6-3,195.0
1629614,Guard-Forward,6-4,191.0
203926,Forward,6-6,225.0
1631260,Guard,6-4,190.0
1630581,Guard,6-8,216.0
1629652,Guard,6-4,220.0
1630543,Forward,6-9,205.0
203957,Guard,6-5,214.0
202330,Forward,6-7,225.0
1631119,Forward,6-9,240.0
1630702,Guard,6-3,198.0
1631114,Guard-Forward,6-5,211.0
1630700,Guard,6-7,199.0
1631096,Center-Forward,7-1,208.0
1631216,Guard,6-8,205.0
1641716,Forward,6-7,235.0
1631112,Guard,6-7,205.0
1641748,Guard,6-6,209.0
1641753,Forward,6-6,220.0
1641722,Guard,6-5,190.0
1630526,Forward,6-8,240.0
1630322,Forward,6-6,210.0
1631172,Forward,6-9,185.0
1629643,Forward,6-7,229.0
1629048,Center-Forward,6-10,250.0
1641710,Guard,6-7,200.0
1627745,Center,6-10,245.0
1641724,Guard,6-6,215.0
1641738,Forward,6-7,250.0
1631159,Forward,6-10,220.0
1631115,Center,6-10,235.0
1630346,Forward,6-6,215.0
1629052,Forward-Guard,6-7,210.0
1630604,Forward,6-6,240.0
1641816,Forward,6-8,215.0
1629618,Guard,6-2,202.0
1631124,Guard,6-6,205.0
1629674,Center,7-0,248.0
1641775,Guard,6-6,205.0
1630579,Center,6-10,250.0
201949,Forward,6-7,240.0
1642355,Guard,6-3,210.0
1641740,Guard,6-4,205.0
1631157,Guard,6-3,180.0
1641709,Guard-Forward,6-6,205.0
1630595,Guard,6-6,220.0
1630191,Forward-Center,6-8,250.0
1642261,Forward,6-6,215.0
1642277,Guard,6-9,200.0
1641842,Forward,6-8,206.0
1629645,Guard-Forward,6-4,203.0
1631105,Center,6-10,250.0
1631097,Guard-Forward,6-5,210.0
1641744,Center,7-4,305.0
1630692,Guard,6-5,215.0
1642276,Center,7-0,230.0
1630545,Guard-Forward,6-6,215.0
1641854,Guard,6-1,180.0
1641764,Guard,6-4,205.0
1641796,Guard,6-5,215.0
1641794,Forward,6-5,235.0
1641783,Forward,6-8,217.0
1642281,Guard-Forward,6-6,215.0
1629660,Guard-Forward,6-5,195.0
1631095,Forward,6-10,220.0
1630643,Center,7-1,240.0
1630590,Guard,6-1,170.0
1630611,Forward,6-6,185.0
1630578,Center,6-11,243.0
1631106,Forward,6-8,215.0
1630224,Guard,6-4,186.0
1631246,Guard,6-4,205.0
1641708,Guard-Forward,6-7,200.0
1631120,Guard,6-1,195.0
1628963,Forward,6-10,235.0
1642349,Guard,6-5,190.0
1642352,Forward,6-7,225.0
202709,Guard,6-2,200.0
1642366,Center,7-0,238.0
1630296,Forward,6-8,225.0
1631218,Forward,6-9,245.0
1630311,Guard,6-3,205.0
1641715,Forward,6-7,230.0
1642263,Guard,6-2,185.0
1631466,Guard,6-5,205.0
1641757,Guard,6-5,194.0
1642353,Guard,6-6,190.0
1631248,Guard,6-6,205.0
1630574,Center,6-11,246.0
1642278,Guard,6-3,195.0
1642359,Forward,6-8,210.0
1642265,Guard,6-3,175.0
1641824,Forward,6-10,209.0
1629012,Guard,6-3,190.0
1642419,Forward,6-7,220.0
1631210,Forward,6-8,200.0
1641890,Forward,6-9,224.0
1642258,Forward,6-8,200.0
1630163,Guard,6-7,180.0
1641871,Center,6-9,245.0
1630231,Forward,6-6,215.0
1630288,Guard,6-3,177.0
1641763,Forward,6-8,198.0
1630249,Guard,6-8,195.0
1630534,Guard,6-5,215.0
1630537,Guard,6-5,190.0
1630539,Center-Forward,6-11,221.0
1630208,Center,7-0,245.0
1630166,Forward,6-9,240.0
1641810,Guard,6-5,205.0
1630164,Center,6-11,240.0
1642262,Forward,6-7,190.0
203924,Forward,6-7,210.0
1642347,Guard,6-1,200.0
1642346,Forward,6-8,216.0
203995,Guard,6-3,188.0
1642345,Forward,7-0,235.0
1642279,Center,6-11,235.0
1642402,Forward,6-7,220.0
1642377,Forward,6-8,
1642367,Forward,6-9,225.0
1642358,Guard,6-5,160.0
1628998,Forward,6-6,205.0
1628366,Guard,6-6,190.0
1628374,Forward-Center,7-0,240.0
1642270,Center,7-2,280.0
1628970,Forward,6-7,225.0
1626179,Guard,6-1,190.0
1642272,Guard,6-3,195.0
1627751,Center,7-0,260.0
1642274,Center,6-11,235.0
1627824,Forward,6-8,265.0
1631093,Guard,6-4,195.0
1631200,Forward,6-8,216.0
1641718,Guard,6-4,185.0
1641729,Forward,6-5,235.0
1631255,Forward-Center,6-10,231.0
1641712,Guard-Forward,6-6,195.0
1630696,Guard,6-2,203.0
1641741,Guard,6-6,207.0
1630592,Forward,6-6,220.0
1630703,Guard,6-3,206.0
1631204,Guard,6-2,195.0
1641739,Forward,6-7,229.0
1631207,Forward,6-7,195.0
1631222,Forward,6-7,235.0
1641711,Guard-Forward,6-6,200.0
1631217,Forward,6-9,210.0
1641707,Forward,6-9,215.0
1641730,Forward-Center,6-9,210.0
1641706,Forward,6-7,200.0
1641737,Forward,6-10,235.0
1631133,Forward,6-7,237.0
1631311,Guard,6-4,208.0
1631117,Center,7-0,245.0
1630544,Guard,6-3,178.0
1628380,Forward-Center,6-11,250.0
1631323,Forward,6-7,209.0
1631165,Guard,6-4,175.0
1631110,Forward,6-8,230.0
1641809,Forward,6-9,205.0
1641725,Guard,6-4,185.0
1629640,Forward-Guard,6-5,220.0
1642273,Forward,6-8,200.0
1642267,Guard,6-4,190.0
1631098,Guard,6-4,195.0
1631103,Forward,6-4,180.0
1642505,Guard,6-7,220.0
1630557,Forward,6-6,224.0
1641745,Guard,6-3,180.0
1642264,Guard,6-6,215.0
1641731,Guard,6-8,195.0
1630200,Guard,6-1,185.0
1641705,Forward-Center,7-3,235.0
1630572,Forward-Center,6-9,240.0
1642259,Center,7-0,205.0
1630577,Forward,6-7,217.0
1631104,Guard,6-3,185.0
1642271,Center,6-11,250.0
1631245,Guard,6-5,173.0
1642530,Guard,5-8,159.0
1629627,Forward,6-6,284.0
1642450,Guard,6-3,165.0
1630618,Guard,6-3,200.0
1630553,Guard,6-5,185.0
1630644,Guard,6-2,185.0
1630256,Forward,6-4,230.0
1631221,Guard,6-1,195.0
1630243,Guard,6-5,190.0
1642275,Forward,6-8,207.0
1641789,Guard,6-2,184.0
1641798,Guard,6-6,216.0
1642385,Forward,6-5,190.0
1631243,Forward,6-10,210.0
1630811,Guard,6-3,185.0
1641727,Guard-Forward,6-6,220.0
1642024,Forward-Center,6-9,245.0
1641732,Guard,6-6,207.0
1642403,Forward,6-9,245.0
1630314,Guard,6-1,190.0
1630548,Guard,6-5,226.0
1631288,Forward,6-6,191.0
1641736,Guard,6-3,190.0
1641998,Center,6-11,270.0
1641766,Forward,6-9,245.0
1631213,Forward,6-6,215.0
1631321,Guard,6-6,200.0
1641857,Center,7-0,250.0
1630658,Center,6-10,250.0
1642266,Guard,6-5,180.0
1631247,Forward,6-7,207.0
1642502,Forward,6-9,210.0
1641733,Guard,6-2,185.0
1626158,Forward,6-9,235.0
1642461,Forward,6-7,225.0
1631230,Forward,6-8,215.0
1642354,Guard,6-0,189.0
1631197,Guard,6-5,210.0
1631132,Center,7-0,225.0
1631127,Forward,6-5,230.0
1629098,Guard-Forward,6-8,215.0
1642434,Forward,6-7,230.0
1642268,Guard,6-3,210.0
1630649,Guard,6-6,210.0
1631101,Guard,6-5,208.0
1641721,Forward,6-7,215.0
1641720,Guard,6-5,210.0
1630170,Guard-Forward,6-5,200.0
1630222,Guard,6-4,200.0
1631102,Guard,6-3,195.0
1641779,Forward,6-8,225.0
1642422,Forward,6-9,245.0
1630550,Forward,6-9,203.0
1630570,Guard-Forward,6-8,237.0
1641790,Center,6-10,245.0
1641803,Guard,6-5,190.0
1641723,Guard,6-4,195.0
1642285,Guard,6-4,205.0
1629650,Center,7-2,258.0
1631386,Guard,6-5,195.0
1631214,Guard,6-4,210.0
1631306,Forward,6-8,220.0
1642348,Forward,6-7,203.0
1642382,Center,7-0,220.0
1631303,Forward,6-5,205.0
1631131,Forward-Center,6-8,255.0
1630695,Center,6-9,248.0
1630227,Guard,6-4,238.0
1631109,Center,7-0,240.0
1642280,Forward,6-9,185.0
203482,Forward-Center,6-11,240.0
1631209,Guard,6-3,185.0
1642384,Forward,6-6,220.0
1642439,Guard,6-3,200.0
1631121,Guard,6-6,190.0
1631250,Forward,6-10,225.0
1641774,Forward,7-0,220.0
1630528,Guard,6-4,215.0
1642269,Guard,6-2,195.0
1641752,Forward,6-9,225.0
1641787,Forward,6-7,217.0
1642484,Guard,6-2,180.0
1641989,Guard,6-3,195.0
1631342,Guard-Forward,6-6,216.0
1641713,Forward,6-9,210.0
1641734,Forward,6-8,202.0
1630283,Center,7-0,230.0
1642389,Guard,6-4,206.0
1642050,Forward,6-7,210.0
1631232,Forward,6-7,210.0
1626143,Center-Forward,6-10,270.0
1641878,Guard,6-4,194.0
1630165,Guard,6-5,195.0
1641772,Forward,6-10,210.0
1641879,Guard,6-0,190.0
1642399,Center,7-0,236.0
1642368,Center,6-11,230.0
1627746,Forward-Center,6-10,235.0
1642443,Guard,6-1,185.0
1641801,Forward,6-7,215.0
1631123,Guard,6-2,180.0
1641936,Forward,6-7,220.0
1641817,Forward,6-8,225.0
1630585,Guard,6-5,205.0
1630678,Forward,6-4,230.0
1630542,Forward,6-6,217.0
1641755,Guard,6-6,210.0
1630762,Forward,6-8,185.0
1631166,Forward,6-10,235.0
1630623,Guard,6-2,200.0
1641815,Guard,6-0,185.0
1631301,Guard,6-6,210.0
1642449,Forward,6-11,
1630600,Forward,6-8,238.0
1631199,Guard-Forward,6-4,233.0
1626174,Forward,6-8,214.0
1631257,Forward,6-6,230.0
1631100,Forward,6-6,220.0
1628372,Guard,6-3,205.0
1630259,Guard,6-1,175.0
1630177,Guard,6-4,175.0
1630184,Guard,6-1,170.0
1630197,Forward,7-0,210.0
1629677,Forward,6-10,227.0
1630647,Forward,6-6,235.0
1628426,Forward,6-8,225.0
1630846,Center,6-10,240.0
1629685,Guard-Forward,6-7,196.0
1628966,Forward,6-8,229.0
1630240,Guard,6-2,183.0
1630181,Guard,6-4,175.0
1641749,Forward,6-4,230.0
1630196,Center,6-11,225.0
1629232,Forward,6-7,225.0
1631367,Guard,5-8,160.0
1629010,Guard,6-5,190.0
1627853,Guard,6-3,195.0
1631220,Guard,6-5,180.0
1641788,Forward,6-8,200.0
1641931,Forward,6-6,215.0
1630207,Guard-Forward,6-5,210.0
1629678,Forward,6-5,241.0
1641793,Guard,6-3,188.0
1630608,Guard,6-6,185.0
1641778,Forward,6-6,209.0
1641806,Guard,5-7,160.0
1641735,Guard,6-3,185.0
1629623,Guard,6-1,189.0
1641771,Forward,6-7,215.0
1629716,Center,6-10,249.0
1630587,Forward,6-6,232.0
1630547,Guard,6-4,190.0
1641926,Guard,6-5,210.0
1629718,Guard,6-6,199.0
1631262,Guard,6-6,210.0
1629875,Guard,6-0,165.0
1630535,Forward,6-7,206.0
1641877,Center,6-9,230.0
1641754,Guard-Forward,6-4,220.0
1630563,Guard,6-4,189.0
1630586,Forward,6-8,229.0
1630606,Guard,6-4,205.0
1631376,Center,7-1,215.0
1630641,Center,7-0,240.0
1629007,Center-Forward,6-10,240.0
1628977,Guard,6-5,202.0
1631241,Guard,6-3,190.0
1631173,Guard,6-4,160.0
1630284,Guard,6-5,216.0
1630562,Forward,6-9,233.0
1630204,Guard-Forward,6-3,190.0
1631338,Forward,6-9,210.0
1629647,Forward,6-9,216.0
1630622,Guard,6-1,175.0
1630186,Guard,6-3,190.0
1630610,Guard,6-5,185.0
1631167,Guard,6-4,196.0
1630929,Forward,6-9,220.0
1641847,Guard,6-5,200.0
1631205,Forward,6-5,205.0
1641970,Forward,6-8,177.0
1628391,Forward,6-10,231.0
1628424,Guard,6-5,180.0
1642013,Center,6-11,250.0
1630285,Guard,6-0,190.0
1641851,Forward,6-6,210.0
1631298,Forward,6-6,225.0
1630564,Forward,6-7,269.0
1628432,Guard,6-5,206.0
1629676,Forward,6-8,230.0
203943,Forward,6-10,257.0
200752,Forward-Guard,6-8,250.0
1630195,Forward,6-6,200.0
203585,Guard,6-4,205.0
202322,Guard,6-3,210.0
1631211,Guard,6-4,221.0
1630250,Center,7-0,220.0
1631113,Guard,5-11,170.0
1631309,Guard,6-0,180.0
1629033,Guard-Forward,6-7,212.0
1628416,Guard,6-4,180.0
1630593,Guard,5-11,192.0
1630613,Guard,6-2,197.0
1630792,Forward,6-6,220.0
1630225,Forward,6-9,219.0
203521,Guard,6-3,200.0
1631320,Forward,6-5,223.0
1630648,Guard,6-6,200.0
1630176,Center,6-10,270.0
1630701,Forward,6-8,250.0
1631219,Forward,7-0,190.0
1631160,Guard,6-7,215.0
1629653,Guard,6-1,185.0
1626169,Forward-Guard,6-6,242.0
1629662,Center,6-10,250.0
1630580,Guard-Forward,6-6,205.0
1630637,Guard,6-0,174.0
1629126,Guard-Forward,6-4,240.0
1629735,Forward,6-8,234.0
1630620,Forward,6-7,245.0
1630270,Forward,6-5,215.0
1628402,Guard,6-3,205.0
1641645,Forward,6-8,183.0
203487,Guard,6-5,190.0
1628221,Guard,6-3,190.0
1629663,Forward,6-7,205.0
1631495,Guard,6-6,190.0
1628435,Center,6-10,210.0
1629620,Guard,6-1,195.0
200746,Center-Forward,6-11,250.0
202340,Guard,6-3,180.0
1627761,Guard-Forward,6-5,210.0
1630686,Forward,6-7,192.0
203145,Guard-Forward,6-4,195.0
203090,Forward-Guard,6-7,220.0
203107,Guard,6-7,210.0
1627774,Forward,6-8,209.0
1630565,Forward,6-5,210.0
201571,Guard,5-11,183.0
1630190,Guard,6-5,215.0
1628021,Guard-Forward,6-5,219.0
1628367,Guard-Forward,6-8,207.0
1629649,Forward,6-6,221.0
203087,Guard-Forward,6-5,180.0
202339,Guard,6-1,214.0
1630536,Guard,6-1,176.0
1630466,Forward,6-6,231.0
1630612,Guard,6-4,200.0
1627782,Guard,6-4,232.0
1627756,Guard,6-4,220.0
202954,Guard,6-3,210.0
1630698,Guard,6-1,179.0
1630691,Forward,6-9,206.0
1630555,Guard,6-4,180.0
203918,Guard-Forward,6-8,208.0
1627822,Forward,6-11,220.0
1626155,Forward,6-8,219.0
1629681,Forward-Center,6-9,220.0
1630525,Guard,6-4,203.0
202334,Center-Forward,6-9,218.0
1628539,Guard,6-3,195.0
1629103,Forward,6-5,230.0
1630605,Guard,6-4,190.0
1629712,Guard,6-5,188.0
201961,Guard,6-4,207.0
1629635,Forward,6-9,230.0
1629076,Forward,6-8,255.0
1630582,Forward,6-5,206.0
1630271,Guard,6-5,185.0
1630218,Forward,6-6,235.0
1628778,Guard,6-6,210.0
1629719,Forward,6-7,240.0
1629109,Forward,6-6,225.0
1629083,Forward,6-10,209.0
1630575,Guard,6-5,185.0
1629168,Forward,6-6,200.0
1630758,Forward,6-8,220.0
1630602,Forward,6-5,215.0
1629755,Guard,6-2,187.0
203516,Forward,6-6,215.0
1629619,Guard,6-2,195.0
1629203,Forward,6-5,175.0
1628422,Guard,6-5,210.0
2207,Guard-Forward,6-7,240.0
1630286,Forward,6-8,225.0
1630278,Guard,6-5,200.0
1626144,Guard,6-3,200.0
1630589,Forward,6-8,226.0
101139,Guard,6-6,220.0
1626147,Forward-Guard,6-5,231.0
202362,Forward,6-5,210.0
1630273,Center,6-9,245.0
204025,Guard,6-0,170.0
1628411,Forward,6-6,195.0
202688,Guard,6-2,182.0
1628994,Forward-Guard,6-6,220.0
1627767,Forward-Center,6-8,219.0
1627760,Guard,6-1,173.0
1629683,Guard,6-3,205.0
1629788,Guard,6-5,209.0
1629760,Guard,6-2,199.0
201954,Guard,6-0,160.0
1629783,Guard,6-3,190.0
1629607,Guard,5-10,175.0
1630199,Guard,6-5,190.0
1630179,Guard,6-2,160.0
1628476,Guard,6-0,185.0
1629686,Forward-Guard,6-8,190.0
1629600,Guard,6-5,205.0
1630787,Forward,6-7,220.0
1628591,Guard,6-3,196.0
1629309,Guard,6-6,200.0
1629150,Forward,6-9,220.0
1629658,Forward,6-8,216.0
1628419,Forward,6-8,239.0
1630306,Guard,6-5,205.0
203816,Guard-Forward,6-7,204.0
1626208,Guard,5-11,167.0
1629005,Guard,6-3,190.0
1630693,Center,6-10,258.0
1629751,Guard,6-4,200.0
1630640,Guard,6-5,213.0
1629657,Guard,6-1,167.0
1629164,Guard,6-0,180.0
1629873,Guard,6-2,200.0
1629602,Center,6-10,234.0
1628238,Forward,6-8,200.0
1630257,Center,7-1,265.0
1628537,Guard,6-5,185.0
1629958,Guard,6-2,174.0
1628395,Forward,6-7,216.0
203658,Center,6-10,231.0
1629597,Forward,6-5,220.0
1627820,Guard,6-5,198.0
1630994,Guard,6-4,203.0
1628982,Guard-Forward,6-5,215.0
1629962,Guard,6-2,183.0
1630624,Forward,6-8,195.0
1629066,Forward,6-9,228.0
1626188,Guard,6-1,180.0
202335,Forward,6-8,235.0
200755,Guard,6-3,200.0
1629690,Guard,6-4,190.0
1629665,Guard,6-4,185.0
1628407,Guard-Forward,6-6,221.0
203382,Center-Forward,6-10,260.0
203960,Forward,6-7,214.0
203998,Forward,6-9,218.0
203922,Forward,6-6,222.0
1628961,Forward,6-10,200.0
1628390,Guard,6-6,190.0
1627748,Forward-Center,7-0,221.0
1629713,Guard-Forward,6-7,190.0
1628414,Guard,6-4,215.0
1630221,Forward,6-9,190.0
1630253,Forward,6-6,195.0
1629738,Center-Forward,7-0,235.0
1630211,Guard,6-3,190.0
1629648,Guard,6-2,180.0
1628394,Center-Forward,7-1,229.0
1626245,Forward-Center,6-11,270.0
1630185,Guard,6-2,190.0
203121,Forward,6-6,225.0
1630223,Guard,6-5,195.0
1629121,Guard,6-0,225.0
1630189,Forward,6-7,215.0
1628968,Forward-Guard,6-6,190.0
1628412,Guard,5-11,190.0
202329,Forward,6-8,220.0
1629034,Forward,6-9,225.0
1626184,Guard,6-2,185.0
1627775,Guard,6-7,181.0
203460,Guard-Forward,6-7,210.0
1628383,Center,6-11,241.0
202697,Guard,6-5,212.0
204222,Forward,6-8,210.0
1630268,Guard,6-6,200.0
1627740,Forward-Center,6-10,240.0
1629346,Forward,6-10,215.0
1630266,Center,6-10,234.0
1629244,Forward,6-7,225.0
1630203,Guard,6-2,190.0

