PlayerName,Position
Bradley Beal,SG
Garrett Temple,SG
Jonas Valančiūnas,C
DeMar DeRozan,SF
Kyle Lowry,PG
Anthony Davis,C
Jrue Holiday,PG
Draymond Green,PF
Harrison Barnes,SF
Stephen Curry,PG
Klay Thompson,SG
Giannis Antetokounmpo,PF
Khris Middleton,SF
Jimmy Butler III,SF
Taj Gibson,PF
Doug McDermott,SF
Dwight Powell,C
James Harden,SG
Clint Capela,C
Marcus Smart,PG
Kelly Olynyk,PF
LeBron James,SF
Kevin Love,PF
Kyrie Irving,PG
Brook Lopez,C
Mason Plumlee,C
Al Horford,C
Dennis Schröder,PG
Nicolas Batum,PF
Damian Lillard,PG
CJ McCollum,PG
Jeff Green,PF
Mike Conley,PG
Kawhi Leonard,SF
Kyle Anderson,SF
DeAndre Jordan,C
Tobias Harris,SF
Nikola Vučević,C
Aaron Gordon,PF
Jordan Clarkson,SG
Julius Randle,PF
Joel Embiid,C
Jerami Grant,PF
Paul George,SF
Bismack Biyombo,C
Tim Hardaway Jr.,SF
Andrew Wiggins,SF
Zach LaVine,SG
Andre Drummond,C
Kentavious Caldwell-Pope,SG
Jusuf Nurkić,C
Gary Harris,SG
Rudy Gobert,C
Joe Ingles,SF
Steven Adams,C
Russell Westbrook,PG
Kevin Durant,PF
Seth Curry,SG
Kelly Oubre Jr.,SF
Kristaps Porzingis,C
Terry Rozier,PG
Norman Powell,SG
Bobby Portis,PF
Myles Turner,C
Tyus Jones,PG
Karl-Anthony Towns,PF
Cameron Payne,PG
Pat Connaughton,SG
Nikola Jokić,C
Kevon Looney,C
Larry Nance Jr.,PF
D'Angelo Russell,PG
Devin Booker,SG
Thanasis Antetokounmpo,SF
T.J. McConnell,PG
Jamal Murray,PG
Kris Dunn,PG
Brandon Ingram,SF
Jaylen Brown,SG
Buddy Hield,SF
Dejounte Murray,SG
Taurean Prince,SF
Domantas Sabonis,C
Jakob Poeltl,C
Ivica Zubac,C
Caris LeVert,SF
Pascal Siakam,PF
Guerschon Yabusele,PF
Gary Payton II,PG
Fred VanVleet,PG
Bogdan Bogdanović,SG
Dorian Finney-Smith,PF
Derrick Jones Jr.,SF
Alex Caruso,SG
De'Aaron Fox,PG
Markelle Fultz,PG
Jayson Tatum,SF
Jonathan Isaac,PF
Lauri Markkanen,PF
Malik Monk,SG
Zach Collins,C
John Collins,PF
Bam Adebayo,C
Jarrett Allen,C
OG Anunoby,SF
Luke Kennard,SG
Donovan Mitchell,SG
Thomas Bryant,C
Josh Hart,SF
Derrick White,SG
Kyle Kuzma,PF
Dillon Brooks,SF
Isaiah Hartenstein,C
Luke Kornet,C
Maxi Kleber,C
Royce O'Neale,PF
Luka Dončić,PG
Grayson Allen,SF
Donte DiVincenzo,SG
Michael Porter Jr.,SF
Trae Young,PG
Deandre Ayton,C
Jaren Jackson Jr.,PF
Kevin Huerter,SG
Marvin Bagley III,PF
Wendell Carter Jr.,C
Collin Sexton,PG
Mikal Bridges,SF
Shai Gilgeous-Alexander,PG
Miles Bridges,SF
Aaron Holiday,PG
Josh Okogie,SG
Anfernee Simons,SG
Jarred Vanderbilt,SF
Mitchell Robinson,C
Landry Shamet,SG
Robert Williams III,C
Gary Trent Jr.,SG
Jevon Carter,SG
De'Anthony Melton,SG
Jalen Brunson,PG
Svi Mykhailiuk,SF
Moritz Wagner,C
Bruce Brown,SG
Drew Eubanks,C
Kenrich Williams,PF
Duncan Robinson,SG
Jordan McLaughlin,PG
Jock Landale,C
Haywood Highsmith,SF
Javonte Green,SG
Jae'Sean Tate,SF
Gabe Vincent,PG
Ja Morant,PG
De'Andre Hunter,SF
Darius Garland,PG
Zion Williamson,PF
RJ Barrett,SG
Jaxson Hayes,C
Rui Hachimura,PF
Grant Williams,PF
P.J. Washington,PF
Coby White,SG
Goga Bitadze,C
Brandon Clarke,PF
Tyler Herro,SG
Nickeil Alexander-Walker,SG
Matisse Thybulle,SG
Cameron Johnson,PF
Nicolas Claxton,C
Kevin Porter Jr.,PG
Jordan Poole,PG
Ty Jerome,PG
Keldon Johnson,SF
Terance Mann,PG
John Konchar,SG
Daniel Gafford,C
Dean Wade,PF
Naz Reid,C
Luguentz Dort,SF
Max Strus,SG
DaQuan Jeffries,PG
Amir Coffey,PF
Caleb Martin,PF
Anthony Edwards,SG
LaMelo Ball,PG
Patrick Williams,PF
Isaac Okoro,SF
Onyeka Okongwu,C
Killian Hayes,PG
Obi Toppin,PF
Deni Avdija,SF
Jalen Smith,PF
Devin Vassell,SG
Tyrese Haliburton,PG
Aaron Nesmith,PF
Isaiah Stewart,PF
Josh Green,SF
Saddiq Bey,PF
Precious Achiuwa,PF
Tyrese Maxey,PG
Zeke Nnaji,C
Immanuel Quickley,PG
Payton Pritchard,PG
Jaden McDaniels,PF
Desmond Bane,SG
Xavier Tillman,C
Vít Krejčí,SG
Tre Jones,PG
Nick Richards,C
Isaiah Joe,SG
Paul Reed,PF
Sam Merrill,SG
Ömer Yurtseven,C
Naji Marshall,SF
Anthony Gill,PF
Corey Kispert,SF
Franz Wagner,SF
Moses Moody,SG
Ziaire Williams,SF
Jalen Johnson,PF
Sharife Cooper,PG
Jonathan Kuminga,PF
Scottie Barnes,SF
Davion Mitchell,PG
Josh Giddey,SG
Alperen Sengün,C
Cade Cunningham,PG
Jalen Green,SG
Evan Mobley,PF
Jalen Suggs,SG
Isaiah Jackson,PF
Ayo Dosunmu,PG
Tre Mann,PG
Neemias Queta,C
Quentin Grimes,SG
Luka Garza,C
Sam Hauser,SF
Jericho Sims,C
Miles McBride,PG
Isaiah Livers,SF
Day'Ron Sharpe,C
Herbert Jones,SF
Trey Murphy III,SF
Bones Hyland,PG
Charles Bassey,C
Sandro Mamukelashvili,PF
Santi Aldama,PF
Aaron Wiggins,SG
Austin Reaves,SG
Trendon Watford,PF
A.J. Lawson,SG
Micah Potter,PF
Justin Champagnie,SG
Ethan Thompson,SG
Jose Alvarado,PG
Jay Huff,C
Jordan Goodwin,PG
Mac McClung,PG
Keaton Wallace,SG
Dru Smith,PG
Alex Antetokounmpo,SF
Olivier Sarr,C
DeJon Jarreau,SG
Brandon Williams,PG
Lindy Waters III,SG
Ochai Agbaji,SG
Patrick Baldwin Jr.,SF
Paolo Banchero,PF
Dominick Barlow,PF
MarJon Beauchamp,SG
Christian Braun,SG
Chet Holmgren,C
Jabari Smith Jr.,PF
Jaden Ivey,SG
Keegan Murray,PF
Shaedon Sharpe,SG
Jalen Duren,C
Dyson Daniels,PG
Bennedict Mathurin,SG
Ousmane Dieng,SF
Jeremy Sochan,PF
TyTy Washington Jr.,PG
Tari Eason,SF
Mark Williams,C
Kennedy Chandler,PG
Blake Wesley,SG
E.J. Liddell,PF
Nikola Jović,SF
Walker Kessler,C
Trevor Keels,SG
Jaden Hardy,SG
Bryce McGowens,SG
Christian Koloko,C
Wendell Moore Jr.,SG
Jalen Williams,SF
Dalen Terry,SF
Julian Champagnie,SF
Max Christie,SG
JD Davison,PG
Moussa Diabaté,PF
Keon Ellis,SG
Ron Harper Jr.,SF
Caleb Houstan,SG
Jake LaRavia,PF
Leonard Miller,PF
Josh Minott,PF
Andrew Nembhard,PG
Scotty Pippen Jr.,PG
David Roddy,PF
Ryan Rollins,SG
Jabari Walker,PF
Peyton Watson,SF
Jaylin Williams,PF
Tyrese Martin,SG
Karlo Matković,PF
Gui Santos,SF
Collin Gillespie,PG
Jamaree Bouyea,SG
AJ Green,SG
Nate Williams,SF
Quenton Jackson,SG
Tyson Etienne,PG
Alex Morales,SG
Jamal Cain,SF
Simone Fontecchio,SF
Daeqwon Plowden,SF
Pat Spencer,SG
Mouhamed Gueye,PF
Victor Wembanyama,PF
Brandon Miller,SF
Scoot Henderson,PG
Amen Thompson,SG
Jarace Walker,PF
Ausar Thompson,SG
Cam Whitmore,SF
Anthony Black,PG
Gradey Dick,SG
Taylor Hendricks,PF
Jordan Hawkins,SG
Cason Wallace,PG
Nick Smith Jr.,PG
Keyonte George,SG
Noah Clowney,PF
Jett Howard,SG
Rayan Rupert,SG
Kobe Bufkin,PG
Brice Sensabaugh,SF
Bilal Coulibaly,SG
Kris Murray,PF
Dereck Lively II,C
Andre Jackson Jr.,SG
Jaime Jaquez Jr.,SF
Sidy Cissoko,SF
Bobi Klintman,PF
GG Jackson II,PF
Trayce Jackson-Davis,PF
Olivier-Maxence Prosper,PF
Brandin Podziemski,SG
Marcus Sasser,PG
Ben Sheppard,SF
Julian Strawther,SF
Kobe Brown,PF
Jalen Pickett,SG
Julian Phillips,SF
Jordan Walsh,SF
Tristan Vukcevic,PF
Jordan Miller,SF
Jalen Wilson,SF
Toumani Camara,SF
Jaylen Clark,PG
Jalen Slawson,PF
Colin Castleton,C
Drew Timme,PF
Malachi Smith,SG
Oscar Tshiebwe,PF
Craig Porter Jr.,PG
Tosan Evbuomwan,SF
Leaky Black,SF
Pete Nance,PF
Trey Jemison III,C
Donovan Clingan,C
Reed Sheppard,PG
Stephon Castle,SG
Rob Dillingham,PG
Dalton Knecht,SG
Cody Williams,SF
Devin Carter,PG
Ja'Kobe Walter,SG
Jared McCain,PG
Zach Edey,C
Tristan da Silva,PF
Johnny Furphy,SF
Kyshawn George,SF
Kyle Filipowski,C
Isaiah Collier,PG
Bub Carrington,PG
Yves Missi,C
Kel'el Ware,C
Baylor Scheierman,SG
Justin Edwards,SF
Tyler Kolek,PG
Kevin McCullar Jr.,SF
Bronny James Jr.,PG
Zaccharie Risacher,SF
Ron Holland II,SF
Alexandre Sarr,PF
Matas Buzelis,SF
Nikola Topić,PG
Tidjane Salaün,PF
Tyler Smith,PF
DaRon Holmes II,PF
Terrence Shannon Jr.,SG
Ryan Dunn,SF
Jaylon Tyson,SF
AJ Johnson,SG
Pacôme Dadiet,SF
Dillon Jones,SF
Jonathan Mogbo,PF
Ajay Mitchell,PG
Jaylen Wells,SF
Oso Ighodaro,PF
Adem Bona,C
KJ Simpson,PG
Pelle Larsson,SG
Jamal Shead,PG
Cam Christie,SG
Antonio Reeves,SG
Harrison Ingram,SF
Tristen Newton,PG
Enrique Freeman,PF
Quinten Post,C
Cam Spencer,SG
Ariel Hukporti,C
PJ Hall,C
Trey Alexander,SG
Keshad Johnson,PF
Isaiah Crawford,SF
Blake Hinson,SF
Isaac Jones,PF
Daniss Jenkins,PG
Branden Carlson,C
Zyon Pullin,PG
David Jones-Garcia,PF
Malevy Leons,PF
Josh Oduro,PF
Jamison Battle,PF
Tristan Enaruna,SF
RayJ Dennis,SG
Jahmir Young,PG
Isaiah Stevens,PG
Cormac Ryan,SG
Riley Minix,SF
Emanuel Miller,PF
Myron Gardner,SF
Elijah Harkless,PG
Nae'Qwan Tomlin,PF
Spencer Jones,PF
Yuki Kawamura,PG
Tolu Smith,PF
Cooper Flagg,PF
Dylan Harper,PG
Ace Bailey,SF
VJ Edgecombe,SG
Jeremiah Fears,PG
Tre Johnson,SG
Khaman Maluach,C
Kon Knueppel,SG
Kasparas Jakucionis,PG
Derik Queen,C
Collin Murray-Boyles,PF
Egor Demin,PG
Jase Richardson,SG
Will Riley,SF
Danny Wolf,C
Carter Bryant,SF
Asa Newell,PF
Liam McNeeley,SF
Thomas Sorber,PF
Nique Clifford,SF
Walter Clayton Jr.,PG
Rasheer Fleming,SF
Adou Thiero,SG
Drake Powell,SG
Ryan Kalkbrenner,C
Noa Essengue,PF
Kam Jones,PG
Johni Broome,C
Joan Beringer,C
Nolan Traoré,PG
Hugo González,SF
Ben Saraf,PG
Noah Penda,SF
Cedric Coward,SG
Yang Hansen,C
Yanic Konan Niederhauser,C
Tyrese Proctor,SG
Maxime Raynaud,C
Chaz Lanier,SG
Sion James,SG
Koby Brea,SG
Alijah Martin,SG
Micah Peavy,SF
Jamir Watkins,SG
Brooks Barnhizer,SG
Rocco Zikarsky,C
Amari Williams,C
Javon Small,SG
Kobe Sanders,SG
Mohamed Diawara,PF
John Tonje,SG
Taelon Peter,SG
Lachlan Olbrich,PF
Will Richard,SG
Max Shulga,SG
Jahmai Mashack,SF
Caleb Love,SG
Chucky Hepburn,PG
CJ Huntley,PF
Vladislav Goldin,C
Hunter Dickinson,C
Ryan Nembhard,PG
Dylan Cardwell,C
Sean Pedulla,PG
Moussa Cisse,C
Chaney Johnson,PF
L.J. Cryer,PG
John Poulakidas,PF
Payton Sandfort,PG
Curtis Jones,SG
Norchad Omier,PF
Keshon Gilbert,PG
Julian Reese,PF
Bez Mbeng,PG
Chris Mañon,PG
Tyler Burton,SF
Chris Youngblood,SG
Adama Bal,SG
Jayson Kent,SG
