BOOKMAKER,CATEGORY,NAME,OVER/UNDER,LINE,ODDS,COMMENCE_TIME,LAST_UPDATE,DATA_PULLED_AT
PrizePicks,player_points,Cade Cunningham,Over,26.5,-137,2026-05-14,2026-05-13T04:02:39Z,2026-05-12 21:02:52
PrizePicks,player_points,Cade Cunningham,Under,26.5,-137,2026-05-14,2026-05-13T04:02:39Z,2026-05-12 21:02:52
PrizePicks,player_points,Donovan Mitchell,Over,26.5,-137,2026-05-14,2026-05-13T04:02:39Z,2026-05-12 21:02:52
PrizePicks,player_points,Donovan Mitchell,Under,26.5,-137,2026-05-14,2026-05-13T04:02:39Z,2026-05-12 21:02:52
PrizePicks,player_points,Tobias Harris,Over,18.5,-137,2026-05-14,2026-05-13T04:02:39Z,2026-05-12 21:02:52
PrizePicks,player_points,Tobias Harris,Under,18.5,-137,2026-05-14,2026-05-13T04:02:39Z,2026-05-12 21:02:52
PrizePicks,player_points,James Harden,Over,18.5,-137,2026-05-14,2026-05-13T04:02:39Z,2026-05-12 21:02:52
PrizePicks,player_points,James Harden,Under,18.5,-137,2026-05-14,2026-05-13T04:02:39Z,2026-05-12 21:02:52
PrizePicks,player_points,Evan Mobley,Over,14.5,-137,2026-05-14,2026-05-13T04:02:39Z,2026-05-12 21:02:52
PrizePicks,player_points,Evan Mobley,Under,14.5,-137,2026-05-14,2026-05-13T04:02:39Z,2026-05-12 21:02:52
PrizePicks,player_points,Jalen Duren,Over,12.5,-137,2026-05-14,2026-05-13T04:02:39Z,2026-05-12 21:02:52
PrizePicks,player_points,Jalen Duren,Under,12.5,-137,2026-05-14,2026-05-13T04:02:39Z,2026-05-12 21:02:52
PrizePicks,player_points,Duncan Robinson,Over,11.5,-137,2026-05-14,2026-05-13T04:02:39Z,2026-05-12 21:02:52
PrizePicks,player_points,Duncan Robinson,Under,11.5,-137,2026-05-14,2026-05-13T04:02:39Z,2026-05-12 21:02:52
PrizePicks,player_points,Jarrett Allen,Over,11.5,-137,2026-05-14,2026-05-13T04:02:39Z,2026-05-12 21:02:52
PrizePicks,player_points,Jarrett Allen,Under,11.5,-137,2026-05-14,2026-05-13T04:02:39Z,2026-05-12 21:02:52
PrizePicks,player_points,Ausar Thompson,Over,8.5,-137,2026-05-14,2026-05-13T04:02:39Z,2026-05-12 21:02:52
PrizePicks,player_points,Ausar Thompson,Under,8.5,-137,2026-05-14,2026-05-13T04:02:39Z,2026-05-12 21:02:52
PrizePicks,player_points,Daniss Jenkins,Over,8.5,-137,2026-05-14,2026-05-13T04:02:39Z,2026-05-12 21:02:52
PrizePicks,player_points,Daniss Jenkins,Under,8.5,-137,2026-05-14,2026-05-13T04:02:39Z,2026-05-12 21:02:52
PrizePicks,player_points,Caris LeVert,Over,7.5,-137,2026-05-14,2026-05-13T04:02:39Z,2026-05-12 21:02:52
PrizePicks,player_points,Caris LeVert,Under,7.5,-137,2026-05-14,2026-05-13T04:02:39Z,2026-05-12 21:02:52
PrizePicks,player_points,Dennis Schroder,Over,6.5,-137,2026-05-14,2026-05-13T04:02:39Z,2026-05-12 21:02:52
PrizePicks,player_points,Dennis Schroder,Under,6.5,-137,2026-05-14,2026-05-13T04:02:39Z,2026-05-12 21:02:52
PrizePicks,player_points,Dean Wade,Over,3.5,-137,2026-05-14,2026-05-13T04:02:39Z,2026-05-12 21:02:52
PrizePicks,player_points,Dean Wade,Under,3.5,-137,2026-05-14,2026-05-13T04:02:39Z,2026-05-12 21:02:52
PrizePicks,player_points,Jaylon Tyson,Over,3.5,-137,2026-05-14,2026-05-13T04:02:39Z,2026-05-12 21:02:52
PrizePicks,player_points,Jaylon Tyson,Under,3.5,-137,2026-05-14,2026-05-13T04:02:39Z,2026-05-12 21:02:52
PrizePicks,player_points,Victor Wembanyama,Over,27.5,-137,2026-05-16,2026-05-13T04:02:31Z,2026-05-12 21:02:52
PrizePicks,player_points,Victor Wembanyama,Under,27.5,-137,2026-05-16,2026-05-13T04:02:31Z,2026-05-12 21:02:52
PrizePicks,player_points,Anthony Edwards,Over,25.5,-137,2026-05-16,2026-05-13T04:02:31Z,2026-05-12 21:02:52
PrizePicks,player_points,Anthony Edwards,Under,25.5,-137,2026-05-16,2026-05-13T04:02:31Z,2026-05-12 21:02:52
PrizePicks,player_points,De'Aaron Fox,Over,16.5,-137,2026-05-16,2026-05-13T04:02:31Z,2026-05-12 21:02:52
PrizePicks,player_points,De'Aaron Fox,Under,16.5,-137,2026-05-16,2026-05-13T04:02:31Z,2026-05-12 21:02:52
PrizePicks,player_points,Julius Randle,Over,16.5,-137,2026-05-16,2026-05-13T04:02:31Z,2026-05-12 21:02:52
PrizePicks,player_points,Julius Randle,Under,16.5,-137,2026-05-16,2026-05-13T04:02:31Z,2026-05-12 21:02:52
PrizePicks,player_points,Stephon Castle,Over,16.5,-137,2026-05-16,2026-05-13T04:02:31Z,2026-05-12 21:02:52
PrizePicks,player_points,Stephon Castle,Under,16.5,-137,2026-05-16,2026-05-13T04:02:31Z,2026-05-12 21:02:52
PrizePicks,player_points,Jaden McDaniels,Over,15.5,-137,2026-05-16,2026-05-13T04:02:31Z,2026-05-12 21:02:52
PrizePicks,player_points,Jaden McDaniels,Under,15.5,-137,2026-05-16,2026-05-13T04:02:31Z,2026-05-12 21:02:52
PrizePicks,player_points,Ayo Dosunmu,Over,13.5,-137,2026-05-16,2026-05-13T04:02:31Z,2026-05-12 21:02:52
PrizePicks,player_points,Ayo Dosunmu,Under,13.5,-137,2026-05-16,2026-05-13T04:02:31Z,2026-05-12 21:02:52
PrizePicks,player_points,Devin Vassell,Over,12.5,-137,2026-05-16,2026-05-13T04:02:31Z,2026-05-12 21:02:52
PrizePicks,player_points,Devin Vassell,Under,12.5,-137,2026-05-16,2026-05-13T04:02:31Z,2026-05-12 21:02:52
PrizePicks,player_points,Naz Reid,Over,12.5,-137,2026-05-16,2026-05-13T04:02:31Z,2026-05-12 21:02:52
PrizePicks,player_points,Naz Reid,Under,12.5,-137,2026-05-16,2026-05-13T04:02:31Z,2026-05-12 21:02:52
PrizePicks,player_points,Dylan Harper,Over,10.5,-137,2026-05-16,2026-05-13T04:02:31Z,2026-05-12 21:02:52
PrizePicks,player_points,Dylan Harper,Under,10.5,-137,2026-05-16,2026-05-13T04:02:31Z,2026-05-12 21:02:52
PrizePicks,player_points,Keldon Johnson,Over,9.5,-137,2026-05-16,2026-05-13T04:02:31Z,2026-05-12 21:02:52
PrizePicks,player_points,Keldon Johnson,Under,9.5,-137,2026-05-16,2026-05-13T04:02:31Z,2026-05-12 21:02:52
PrizePicks,player_points,Rudy Gobert,Over,6.5,-137,2026-05-16,2026-05-13T04:02:31Z,2026-05-12 21:02:52
PrizePicks,player_points,Rudy Gobert,Under,6.5,-137,2026-05-16,2026-05-13T04:02:31Z,2026-05-12 21:02:52
PrizePicks,player_points,Terrence Shannon Jr.,Over,6.5,-137,2026-05-16,2026-05-13T04:02:31Z,2026-05-12 21:02:52
PrizePicks,player_points,Terrence Shannon Jr.,Under,6.5,-137,2026-05-16,2026-05-13T04:02:31Z,2026-05-12 21:02:52
Underdog,player_points,Donovan Mitchell,Over,26.5,-137,2026-05-14,2026-05-13T04:02:34Z,2026-05-12 21:02:52
Underdog,player_points,Donovan Mitchell,Under,26.5,-137,2026-05-14,2026-05-13T04:02:34Z,2026-05-12 21:02:52
Underdog,player_points,Cade Cunningham,Over,26.5,-137,2026-05-14,2026-05-13T04:02:34Z,2026-05-12 21:02:52
Underdog,player_points,Cade Cunningham,Under,26.5,-137,2026-05-14,2026-05-13T04:02:34Z,2026-05-12 21:02:52
Underdog,player_points,Tobias Harris,Over,18.5,-137,2026-05-14,2026-05-13T04:02:34Z,2026-05-12 21:02:52
Underdog,player_points,Tobias Harris,Under,18.5,-137,2026-05-14,2026-05-13T04:02:34Z,2026-05-12 21:02:52
Underdog,player_points,Caris LeVert,Over,7.5,-137,2026-05-14,2026-05-13T04:02:34Z,2026-05-12 21:02:52
Underdog,player_points,Caris LeVert,Under,7.5,-137,2026-05-14,2026-05-13T04:02:34Z,2026-05-12 21:02:52
Underdog,player_points,Duncan Robinson,Over,11.5,-137,2026-05-14,2026-05-13T04:02:34Z,2026-05-12 21:02:52
Underdog,player_points,Duncan Robinson,Under,11.5,-137,2026-05-14,2026-05-13T04:02:34Z,2026-05-12 21:02:52
Underdog,player_points,Daniss Jenkins,Over,8.5,-137,2026-05-14,2026-05-13T04:02:34Z,2026-05-12 21:02:52
Underdog,player_points,Daniss Jenkins,Under,8.5,-137,2026-05-14,2026-05-13T04:02:34Z,2026-05-12 21:02:52
Betr DFS,player_points,Max Strus,Over,8.5,-137,2026-05-14,2026-05-13T04:02:02Z,2026-05-12 21:02:52
Betr DFS,player_points,Max Strus,Under,8.5,-137,2026-05-14,2026-05-13T04:02:02Z,2026-05-12 21:02:52
Betr DFS,player_points,James Harden,Over,18.5,-137,2026-05-14,2026-05-13T04:02:02Z,2026-05-12 21:02:52
Betr DFS,player_points,James Harden,Under,18.5,-137,2026-05-14,2026-05-13T04:02:02Z,2026-05-12 21:02:52
Betr DFS,player_points,Jarrett Allen,Over,11.5,-137,2026-05-14,2026-05-13T04:02:02Z,2026-05-12 21:02:52
Betr DFS,player_points,Jarrett Allen,Under,11.5,-137,2026-05-14,2026-05-13T04:02:02Z,2026-05-12 21:02:52
Betr DFS,player_points,Donovan Mitchell,Over,26.5,-137,2026-05-14,2026-05-13T04:02:02Z,2026-05-12 21:02:52
Betr DFS,player_points,Donovan Mitchell,Under,26.5,-137,2026-05-14,2026-05-13T04:02:02Z,2026-05-12 21:02:52
Betr DFS,player_points,Dean Wade,Over,3.5,-137,2026-05-14,2026-05-13T04:02:02Z,2026-05-12 21:02:52
Betr DFS,player_points,Dean Wade,Under,3.5,-137,2026-05-14,2026-05-13T04:02:02Z,2026-05-12 21:02:52
Betr DFS,player_points,Sam Merrill,Over,5.5,-137,2026-05-14,2026-05-13T04:02:02Z,2026-05-12 21:02:52
Betr DFS,player_points,Sam Merrill,Under,5.5,-137,2026-05-14,2026-05-13T04:02:02Z,2026-05-12 21:02:52
Betr DFS,player_points,Evan Mobley,Over,14.5,-137,2026-05-14,2026-05-13T04:02:02Z,2026-05-12 21:02:52
Betr DFS,player_points,Evan Mobley,Under,14.5,-137,2026-05-14,2026-05-13T04:02:02Z,2026-05-12 21:02:52
Betr DFS,player_points,Dennis Schroder,Over,6.5,-137,2026-05-14,2026-05-13T04:02:02Z,2026-05-12 21:02:52
Betr DFS,player_points,Dennis Schroder,Under,6.5,-137,2026-05-14,2026-05-13T04:02:02Z,2026-05-12 21:02:52
Betr DFS,player_points,Jaylon Tyson,Over,3.5,-137,2026-05-14,2026-05-13T04:02:02Z,2026-05-12 21:02:52
Betr DFS,player_points,Jaylon Tyson,Under,3.5,-137,2026-05-14,2026-05-13T04:02:02Z,2026-05-12 21:02:52
Betr DFS,player_points,Duncan Robinson,Over,11.5,-137,2026-05-14,2026-05-13T04:02:02Z,2026-05-12 21:02:52
Betr DFS,player_points,Duncan Robinson,Under,11.5,-137,2026-05-14,2026-05-13T04:02:02Z,2026-05-12 21:02:52
Betr DFS,player_points,Tobias Harris,Over,18.5,-137,2026-05-14,2026-05-13T04:02:02Z,2026-05-12 21:02:52
Betr DFS,player_points,Tobias Harris,Under,18.5,-137,2026-05-14,2026-05-13T04:02:02Z,2026-05-12 21:02:52
Betr DFS,player_points,Caris LeVert,Over,7.5,-137,2026-05-14,2026-05-13T04:02:02Z,2026-05-12 21:02:52
Betr DFS,player_points,Caris LeVert,Under,7.5,-137,2026-05-14,2026-05-13T04:02:02Z,2026-05-12 21:02:52
Betr DFS,player_points,Cade Cunningham,Over,26.5,-137,2026-05-14,2026-05-13T04:02:02Z,2026-05-12 21:02:52
Betr DFS,player_points,Cade Cunningham,Under,26.5,-137,2026-05-14,2026-05-13T04:02:02Z,2026-05-12 21:02:52
Betr DFS,player_points,Jalen Duren,Over,12.5,-137,2026-05-14,2026-05-13T04:02:02Z,2026-05-12 21:02:52
Betr DFS,player_points,Jalen Duren,Under,12.5,-137,2026-05-14,2026-05-13T04:02:02Z,2026-05-12 21:02:52
Betr DFS,player_points,Ausar Thompson,Over,8.5,-137,2026-05-14,2026-05-13T04:02:02Z,2026-05-12 21:02:52
Betr DFS,player_points,Ausar Thompson,Under,8.5,-137,2026-05-14,2026-05-13T04:02:02Z,2026-05-12 21:02:52
Betr DFS,player_points,Daniss Jenkins,Over,8.5,-137,2026-05-14,2026-05-13T04:02:02Z,2026-05-12 21:02:52
Betr DFS,player_points,Daniss Jenkins,Under,8.5,-137,2026-05-14,2026-05-13T04:02:02Z,2026-05-12 21:02:52
Betr DFS,player_points,Keldon Johnson,Over,9.5,-137,2026-05-16,2026-05-13T04:01:59Z,2026-05-12 21:02:52
Betr DFS,player_points,Keldon Johnson,Under,9.5,-137,2026-05-16,2026-05-13T04:01:59Z,2026-05-12 21:02:52
Betr DFS,player_points,Devin Vassell,Over,12.5,-137,2026-05-16,2026-05-13T04:01:59Z,2026-05-12 21:02:52
Betr DFS,player_points,Devin Vassell,Under,12.5,-137,2026-05-16,2026-05-13T04:01:59Z,2026-05-12 21:02:52
Betr DFS,player_points,Julian Champagnie,Over,8.5,-137,2026-05-16,2026-05-13T04:01:59Z,2026-05-12 21:02:52
Betr DFS,player_points,Julian Champagnie,Under,8.5,-137,2026-05-16,2026-05-13T04:01:59Z,2026-05-12 21:02:52
Betr DFS,player_points,De'Aaron Fox,Over,16.5,-137,2026-05-16,2026-05-13T04:01:59Z,2026-05-12 21:02:52
Betr DFS,player_points,De'Aaron Fox,Under,16.5,-137,2026-05-16,2026-05-13T04:01:59Z,2026-05-12 21:02:52
Betr DFS,player_points,Victor Wembanyama,Over,27.5,-137,2026-05-16,2026-05-13T04:01:59Z,2026-05-12 21:02:52
Betr DFS,player_points,Victor Wembanyama,Under,27.5,-137,2026-05-16,2026-05-13T04:01:59Z,2026-05-12 21:02:52
Betr DFS,player_points,Stephon Castle,Over,16.5,-137,2026-05-16,2026-05-13T04:01:59Z,2026-05-12 21:02:52
Betr DFS,player_points,Stephon Castle,Under,16.5,-137,2026-05-16,2026-05-13T04:01:59Z,2026-05-12 21:02:52
Betr DFS,player_points,Dylan Harper,Over,10.5,-137,2026-05-16,2026-05-13T04:01:59Z,2026-05-12 21:02:52
Betr DFS,player_points,Dylan Harper,Under,10.5,-137,2026-05-16,2026-05-13T04:01:59Z,2026-05-12 21:02:52
Betr DFS,player_points,Julius Randle,Over,16.5,-137,2026-05-16,2026-05-13T04:01:59Z,2026-05-12 21:02:52
Betr DFS,player_points,Julius Randle,Under,16.5,-137,2026-05-16,2026-05-13T04:01:59Z,2026-05-12 21:02:52
Betr DFS,player_points,Ayo Dosunmu,Over,13.5,-137,2026-05-16,2026-05-13T04:01:59Z,2026-05-12 21:02:52
Betr DFS,player_points,Ayo Dosunmu,Under,13.5,-137,2026-05-16,2026-05-13T04:01:59Z,2026-05-12 21:02:52
Betr DFS,player_points,Rudy Gobert,Over,6.5,-137,2026-05-16,2026-05-13T04:01:59Z,2026-05-12 21:02:52
Betr DFS,player_points,Rudy Gobert,Under,6.5,-137,2026-05-16,2026-05-13T04:01:59Z,2026-05-12 21:02:52
Betr DFS,player_points,Naz Reid,Over,12.5,-137,2026-05-16,2026-05-13T04:01:59Z,2026-05-12 21:02:52
Betr DFS,player_points,Naz Reid,Under,12.5,-137,2026-05-16,2026-05-13T04:01:59Z,2026-05-12 21:02:52
Betr DFS,player_points,Anthony Edwards,Over,25.5,-137,2026-05-16,2026-05-13T04:01:59Z,2026-05-12 21:02:52
Betr DFS,player_points,Anthony Edwards,Under,25.5,-137,2026-05-16,2026-05-13T04:01:59Z,2026-05-12 21:02:52
Betr DFS,player_points,Jaden McDaniels,Over,15.5,-137,2026-05-16,2026-05-13T04:01:59Z,2026-05-12 21:02:52
Betr DFS,player_points,Jaden McDaniels,Under,15.5,-137,2026-05-16,2026-05-13T04:01:59Z,2026-05-12 21:02:52
Betr DFS,player_points,Terrence Shannon Jr.,Over,6.5,-137,2026-05-16,2026-05-13T04:01:59Z,2026-05-12 21:02:52
Betr DFS,player_points,Terrence Shannon Jr.,Under,6.5,-137,2026-05-16,2026-05-13T04:01:59Z,2026-05-12 21:02:52
DraftKings Pick6,player_points,Max Strus,Over,8.5,-137,2026-05-14,2026-05-13T04:02:09Z,2026-05-12 21:02:52
DraftKings Pick6,player_points,Caris LeVert,Over,7.5,-137,2026-05-14,2026-05-13T04:02:09Z,2026-05-12 21:02:52
DraftKings Pick6,player_points,Caris LeVert,Under,7.5,-137,2026-05-14,2026-05-13T04:02:09Z,2026-05-12 21:02:52
DraftKings Pick6,player_points,Ausar Thompson,Over,9.5,-137,2026-05-14,2026-05-13T04:02:09Z,2026-05-12 21:02:52
DraftKings Pick6,player_points,Daniss Jenkins,Over,8.5,-137,2026-05-14,2026-05-13T04:02:09Z,2026-05-12 21:02:52
DraftKings Pick6,player_points,Daniss Jenkins,Under,8.5,-137,2026-05-14,2026-05-13T04:02:09Z,2026-05-12 21:02:52
DraftKings Pick6,player_points,Jarrett Allen,Over,11.5,-137,2026-05-14,2026-05-13T04:02:09Z,2026-05-12 21:02:52
DraftKings Pick6,player_points,Jarrett Allen,Under,11.5,-137,2026-05-14,2026-05-13T04:02:09Z,2026-05-12 21:02:52
DraftKings Pick6,player_points,Duncan Robinson,Over,11.5,-137,2026-05-14,2026-05-13T04:02:09Z,2026-05-12 21:02:52
DraftKings Pick6,player_points,Duncan Robinson,Under,11.5,-137,2026-05-14,2026-05-13T04:02:09Z,2026-05-12 21:02:52
DraftKings Pick6,player_points,Jalen Duren,Over,12.5,-137,2026-05-14,2026-05-13T04:02:09Z,2026-05-12 21:02:52
DraftKings Pick6,player_points,Jalen Duren,Under,12.5,-137,2026-05-14,2026-05-13T04:02:09Z,2026-05-12 21:02:52
DraftKings Pick6,player_points,Evan Mobley,Over,14.5,-137,2026-05-14,2026-05-13T04:02:09Z,2026-05-12 21:02:52
DraftKings Pick6,player_points,Evan Mobley,Under,14.5,-137,2026-05-14,2026-05-13T04:02:09Z,2026-05-12 21:02:52
DraftKings Pick6,player_points,Tobias Harris,Over,18.5,-137,2026-05-14,2026-05-13T04:02:09Z,2026-05-12 21:02:52
DraftKings Pick6,player_points,Tobias Harris,Under,18.5,-137,2026-05-14,2026-05-13T04:02:09Z,2026-05-12 21:02:52
DraftKings Pick6,player_points,James Harden,Over,18.5,-137,2026-05-14,2026-05-13T04:02:09Z,2026-05-12 21:02:52
DraftKings Pick6,player_points,James Harden,Under,18.5,-137,2026-05-14,2026-05-13T04:02:09Z,2026-05-12 21:02:52
DraftKings Pick6,player_points,Cade Cunningham,Over,27.5,-137,2026-05-14,2026-05-13T04:02:09Z,2026-05-12 21:02:52
DraftKings Pick6,player_points,Cade Cunningham,Under,27.5,-137,2026-05-14,2026-05-13T04:02:09Z,2026-05-12 21:02:52
DraftKings Pick6,player_points,Donovan Mitchell,Over,26.5,-137,2026-05-14,2026-05-13T04:02:09Z,2026-05-12 21:02:52
DraftKings Pick6,player_points,Donovan Mitchell,Under,26.5,-137,2026-05-14,2026-05-13T04:02:09Z,2026-05-12 21:02:52
DraftKings Pick6,player_points,Dean Wade,Over,3.5,-137,2026-05-14,2026-05-13T04:02:09Z,2026-05-12 21:02:52
DraftKings Pick6,player_points,Sam Merrill,Over,5.5,-137,2026-05-14,2026-05-13T04:02:09Z,2026-05-12 21:02:52
DraftKings Pick6,player_points,Max Strus,Over,8.5,-137,2026-05-14,2026-05-13T04:02:09Z,2026-05-12 21:02:52
DraftKings Pick6,player_points,Caris LeVert,Over,7.5,-137,2026-05-14,2026-05-13T04:02:09Z,2026-05-12 21:02:52
DraftKings Pick6,player_points,Caris LeVert,Under,7.5,-137,2026-05-14,2026-05-13T04:02:09Z,2026-05-12 21:02:52
DraftKings Pick6,player_points,Ausar Thompson,Over,9.5,-137,2026-05-14,2026-05-13T04:02:09Z,2026-05-12 21:02:52
DraftKings Pick6,player_points,Daniss Jenkins,Over,8.5,-137,2026-05-14,2026-05-13T04:02:09Z,2026-05-12 21:02:52
DraftKings Pick6,player_points,Daniss Jenkins,Under,8.5,-137,2026-05-14,2026-05-13T04:02:09Z,2026-05-12 21:02:52
DraftKings Pick6,player_points,Jarrett Allen,Over,11.5,-137,2026-05-14,2026-05-13T04:02:09Z,2026-05-12 21:02:52
DraftKings Pick6,player_points,Jarrett Allen,Under,11.5,-137,2026-05-14,2026-05-13T04:02:09Z,2026-05-12 21:02:52
DraftKings Pick6,player_points,Duncan Robinson,Over,11.5,-137,2026-05-14,2026-05-13T04:02:09Z,2026-05-12 21:02:52
DraftKings Pick6,player_points,Duncan Robinson,Under,11.5,-137,2026-05-14,2026-05-13T04:02:09Z,2026-05-12 21:02:52
DraftKings Pick6,player_points,Jalen Duren,Over,12.5,-137,2026-05-14,2026-05-13T04:02:09Z,2026-05-12 21:02:52
DraftKings Pick6,player_points,Jalen Duren,Under,12.5,-137,2026-05-14,2026-05-13T04:02:09Z,2026-05-12 21:02:52
DraftKings Pick6,player_points,Evan Mobley,Over,14.5,-137,2026-05-14,2026-05-13T04:02:09Z,2026-05-12 21:02:52
DraftKings Pick6,player_points,Evan Mobley,Under,14.5,-137,2026-05-14,2026-05-13T04:02:09Z,2026-05-12 21:02:52
DraftKings Pick6,player_points,Tobias Harris,Over,18.5,-137,2026-05-14,2026-05-13T04:02:09Z,2026-05-12 21:02:52
DraftKings Pick6,player_points,Tobias Harris,Under,18.5,-137,2026-05-14,2026-05-13T04:02:09Z,2026-05-12 21:02:52
DraftKings Pick6,player_points,James Harden,Over,18.5,-137,2026-05-14,2026-05-13T04:02:09Z,2026-05-12 21:02:52
DraftKings Pick6,player_points,James Harden,Under,18.5,-137,2026-05-14,2026-05-13T04:02:09Z,2026-05-12 21:02:52
DraftKings Pick6,player_points,Cade Cunningham,Over,27.5,-137,2026-05-14,2026-05-13T04:02:09Z,2026-05-12 21:02:52
DraftKings Pick6,player_points,Cade Cunningham,Under,27.5,-137,2026-05-14,2026-05-13T04:02:09Z,2026-05-12 21:02:52
DraftKings Pick6,player_points,Donovan Mitchell,Over,26.5,-137,2026-05-14,2026-05-13T04:02:09Z,2026-05-12 21:02:52
DraftKings Pick6,player_points,Donovan Mitchell,Under,26.5,-137,2026-05-14,2026-05-13T04:02:09Z,2026-05-12 21:02:52
DraftKings Pick6,player_points,Dean Wade,Over,3.5,-137,2026-05-14,2026-05-13T04:02:09Z,2026-05-12 21:02:52
DraftKings Pick6,player_points,Sam Merrill,Over,5.5,-137,2026-05-14,2026-05-13T04:02:09Z,2026-05-12 21:02:52
DraftKings Pick6,player_points,Sam Merrill,Over,5.5,-137,2026-05-14,2026-05-13T04:02:09Z,2026-05-12 21:02:52
DraftKings Pick6,player_points,Jarrett Allen,Over,11.5,-137,2026-05-14,2026-05-13T04:02:09Z,2026-05-12 21:02:52
DraftKings Pick6,player_points,Jarrett Allen,Under,11.5,-137,2026-05-14,2026-05-13T04:02:09Z,2026-05-12 21:02:52
DraftKings Pick6,player_points,Duncan Robinson,Over,11.5,-137,2026-05-14,2026-05-13T04:02:09Z,2026-05-12 21:02:52
DraftKings Pick6,player_points,Duncan Robinson,Under,11.5,-137,2026-05-14,2026-05-13T04:02:09Z,2026-05-12 21:02:52
DraftKings Pick6,player_points,Jalen Duren,Over,12.5,-137,2026-05-14,2026-05-13T04:02:09Z,2026-05-12 21:02:52
DraftKings Pick6,player_points,Jalen Duren,Under,12.5,-137,2026-05-14,2026-05-13T04:02:09Z,2026-05-12 21:02:52
DraftKings Pick6,player_points,Evan Mobley,Over,14.5,-137,2026-05-14,2026-05-13T04:02:09Z,2026-05-12 21:02:52
DraftKings Pick6,player_points,Evan Mobley,Under,14.5,-137,2026-05-14,2026-05-13T04:02:09Z,2026-05-12 21:02:52
DraftKings Pick6,player_points,Tobias Harris,Over,18.5,-137,2026-05-14,2026-05-13T04:02:09Z,2026-05-12 21:02:52
DraftKings Pick6,player_points,Tobias Harris,Under,18.5,-137,2026-05-14,2026-05-13T04:02:09Z,2026-05-12 21:02:52
DraftKings Pick6,player_points,James Harden,Over,18.5,-137,2026-05-14,2026-05-13T04:02:09Z,2026-05-12 21:02:52
DraftKings Pick6,player_points,James Harden,Under,18.5,-137,2026-05-14,2026-05-13T04:02:09Z,2026-05-12 21:02:52
DraftKings Pick6,player_points,Max Strus,Over,8.5,-137,2026-05-14,2026-05-13T04:02:09Z,2026-05-12 21:02:52
DraftKings Pick6,player_points,Caris LeVert,Over,7.5,-137,2026-05-14,2026-05-13T04:02:09Z,2026-05-12 21:02:52
DraftKings Pick6,player_points,Caris LeVert,Under,7.5,-137,2026-05-14,2026-05-13T04:02:09Z,2026-05-12 21:02:52
DraftKings Pick6,player_points,Ausar Thompson,Over,9.5,-137,2026-05-14,2026-05-13T04:02:09Z,2026-05-12 21:02:52
DraftKings Pick6,player_points,Cade Cunningham,Over,27.5,-137,2026-05-14,2026-05-13T04:02:09Z,2026-05-12 21:02:52
DraftKings Pick6,player_points,Cade Cunningham,Under,27.5,-137,2026-05-14,2026-05-13T04:02:09Z,2026-05-12 21:02:52
DraftKings Pick6,player_points,Dean Wade,Over,3.5,-137,2026-05-14,2026-05-13T04:02:09Z,2026-05-12 21:02:52
DraftKings Pick6,player_points,Daniss Jenkins,Over,8.5,-137,2026-05-14,2026-05-13T04:02:09Z,2026-05-12 21:02:52
DraftKings Pick6,player_points,Daniss Jenkins,Under,8.5,-137,2026-05-14,2026-05-13T04:02:09Z,2026-05-12 21:02:52
DraftKings Pick6,player_points,Donovan Mitchell,Over,26.5,-137,2026-05-14,2026-05-13T04:02:09Z,2026-05-12 21:02:52
DraftKings Pick6,player_points,Donovan Mitchell,Under,26.5,-137,2026-05-14,2026-05-13T04:02:09Z,2026-05-12 21:02:52
DraftKings Pick6,player_points,Sam Merrill,Over,5.5,-137,2026-05-14,2026-05-13T04:02:09Z,2026-05-12 21:02:52
DraftKings Pick6,player_points,Jarrett Allen,Over,11.5,-137,2026-05-14,2026-05-13T04:02:09Z,2026-05-12 21:02:52
DraftKings Pick6,player_points,Jarrett Allen,Under,11.5,-137,2026-05-14,2026-05-13T04:02:09Z,2026-05-12 21:02:52
DraftKings Pick6,player_points,Duncan Robinson,Over,11.5,-137,2026-05-14,2026-05-13T04:02:09Z,2026-05-12 21:02:52
DraftKings Pick6,player_points,Duncan Robinson,Under,11.5,-137,2026-05-14,2026-05-13T04:02:09Z,2026-05-12 21:02:52
DraftKings Pick6,player_points,Jalen Duren,Over,12.5,-137,2026-05-14,2026-05-13T04:02:09Z,2026-05-12 21:02:52
DraftKings Pick6,player_points,Jalen Duren,Under,12.5,-137,2026-05-14,2026-05-13T04:02:09Z,2026-05-12 21:02:52
DraftKings Pick6,player_points,Evan Mobley,Over,14.5,-137,2026-05-14,2026-05-13T04:02:09Z,2026-05-12 21:02:52
DraftKings Pick6,player_points,Evan Mobley,Under,14.5,-137,2026-05-14,2026-05-13T04:02:09Z,2026-05-12 21:02:52
DraftKings Pick6,player_points,Tobias Harris,Over,18.5,-137,2026-05-14,2026-05-13T04:02:09Z,2026-05-12 21:02:52
DraftKings Pick6,player_points,Tobias Harris,Under,18.5,-137,2026-05-14,2026-05-13T04:02:09Z,2026-05-12 21:02:52
DraftKings Pick6,player_points,James Harden,Over,18.5,-137,2026-05-14,2026-05-13T04:02:09Z,2026-05-12 21:02:52
DraftKings Pick6,player_points,James Harden,Under,18.5,-137,2026-05-14,2026-05-13T04:02:09Z,2026-05-12 21:02:52
DraftKings Pick6,player_points,Max Strus,Over,8.5,-137,2026-05-14,2026-05-13T04:02:09Z,2026-05-12 21:02:52
DraftKings Pick6,player_points,Caris LeVert,Over,7.5,-137,2026-05-14,2026-05-13T04:02:09Z,2026-05-12 21:02:52
DraftKings Pick6,player_points,Caris LeVert,Under,7.5,-137,2026-05-14,2026-05-13T04:02:09Z,2026-05-12 21:02:52
DraftKings Pick6,player_points,Ausar Thompson,Over,9.5,-137,2026-05-14,2026-05-13T04:02:09Z,2026-05-12 21:02:52
DraftKings Pick6,player_points,Cade Cunningham,Over,27.5,-137,2026-05-14,2026-05-13T04:02:09Z,2026-05-12 21:02:52
DraftKings Pick6,player_points,Cade Cunningham,Under,27.5,-137,2026-05-14,2026-05-13T04:02:09Z,2026-05-12 21:02:52
DraftKings Pick6,player_points,Donovan Mitchell,Over,26.5,-137,2026-05-14,2026-05-13T04:02:09Z,2026-05-12 21:02:52
DraftKings Pick6,player_points,Donovan Mitchell,Under,26.5,-137,2026-05-14,2026-05-13T04:02:09Z,2026-05-12 21:02:52
DraftKings Pick6,player_points,Dean Wade,Over,3.5,-137,2026-05-14,2026-05-13T04:02:09Z,2026-05-12 21:02:52
DraftKings Pick6,player_points,Daniss Jenkins,Over,8.5,-137,2026-05-14,2026-05-13T04:02:09Z,2026-05-12 21:02:52
DraftKings Pick6,player_points,Daniss Jenkins,Under,8.5,-137,2026-05-14,2026-05-13T04:02:09Z,2026-05-12 21:02:52
PrizePicks,player_rebounds,Evan Mobley,Over,7.5,-137,2026-05-14,2026-05-13T04:02:39Z,2026-05-12 21:02:52
PrizePicks,player_rebounds,Evan Mobley,Under,7.5,-137,2026-05-14,2026-05-13T04:02:39Z,2026-05-12 21:02:52
PrizePicks,player_rebounds,Donovan Mitchell,Over,4.5,-137,2026-05-14,2026-05-13T04:02:39Z,2026-05-12 21:02:52
PrizePicks,player_rebounds,Donovan Mitchell,Under,4.5,-137,2026-05-14,2026-05-13T04:02:39Z,2026-05-12 21:02:52
PrizePicks,player_rebounds,James Harden,Over,4.5,-137,2026-05-14,2026-05-13T04:02:39Z,2026-05-12 21:02:52
PrizePicks,player_rebounds,James Harden,Under,4.5,-137,2026-05-14,2026-05-13T04:02:39Z,2026-05-12 21:02:52
PrizePicks,player_rebounds,Duncan Robinson,Over,2.5,-137,2026-05-14,2026-05-13T04:02:39Z,2026-05-12 21:02:52
PrizePicks,player_rebounds,Duncan Robinson,Under,2.5,-137,2026-05-14,2026-05-13T04:02:39Z,2026-05-12 21:02:52
PrizePicks,player_rebounds,Ausar Thompson,Over,7.0,-137,2026-05-14,2026-05-13T04:02:39Z,2026-05-12 21:02:52
PrizePicks,player_rebounds,Ausar Thompson,Under,7.0,-137,2026-05-14,2026-05-13T04:02:39Z,2026-05-12 21:02:52
PrizePicks,player_rebounds,Dennis Schroder,Over,1.5,-137,2026-05-14,2026-05-13T04:02:39Z,2026-05-12 21:02:52
PrizePicks,player_rebounds,Dennis Schroder,Under,1.5,-137,2026-05-14,2026-05-13T04:02:39Z,2026-05-12 21:02:52
PrizePicks,player_rebounds,Rudy Gobert,Over,8.5,-137,2026-05-16,2026-05-13T04:02:31Z,2026-05-12 21:02:52
PrizePicks,player_rebounds,Rudy Gobert,Under,8.5,-137,2026-05-16,2026-05-13T04:02:31Z,2026-05-12 21:02:52
PrizePicks,player_rebounds,Anthony Edwards,Over,5.5,-137,2026-05-16,2026-05-13T04:02:31Z,2026-05-12 21:02:52
PrizePicks,player_rebounds,Anthony Edwards,Under,5.5,-137,2026-05-16,2026-05-13T04:02:31Z,2026-05-12 21:02:52
PrizePicks,player_rebounds,Ayo Dosunmu,Over,3.5,-137,2026-05-16,2026-05-13T04:02:31Z,2026-05-12 21:02:52
PrizePicks,player_rebounds,Ayo Dosunmu,Under,3.5,-137,2026-05-16,2026-05-13T04:02:31Z,2026-05-12 21:02:52
PrizePicks,player_rebounds,Keldon Johnson,Over,3.5,-137,2026-05-16,2026-05-13T04:02:31Z,2026-05-12 21:02:52
PrizePicks,player_rebounds,Keldon Johnson,Under,3.5,-137,2026-05-16,2026-05-13T04:02:31Z,2026-05-12 21:02:52
Underdog,player_rebounds,Donovan Mitchell,Over,4.5,-137,2026-05-14,2026-05-13T04:02:34Z,2026-05-12 21:02:52
Underdog,player_rebounds,Donovan Mitchell,Under,4.5,-137,2026-05-14,2026-05-13T04:02:34Z,2026-05-12 21:02:52
Underdog,player_rebounds,James Harden,Over,4.5,-137,2026-05-14,2026-05-13T04:02:34Z,2026-05-12 21:02:52
Underdog,player_rebounds,James Harden,Under,4.5,-137,2026-05-14,2026-05-13T04:02:34Z,2026-05-12 21:02:52
Underdog,player_rebounds,Evan Mobley,Over,7.5,-137,2026-05-14,2026-05-13T04:02:34Z,2026-05-12 21:02:52
Underdog,player_rebounds,Evan Mobley,Under,7.5,-137,2026-05-14,2026-05-13T04:02:34Z,2026-05-12 21:02:52
Betr DFS,player_rebounds,James Harden,Over,4.5,-137,2026-05-14,2026-05-13T04:02:02Z,2026-05-12 21:02:52
Betr DFS,player_rebounds,James Harden,Under,4.5,-137,2026-05-14,2026-05-13T04:02:02Z,2026-05-12 21:02:52
Betr DFS,player_rebounds,Jarrett Allen,Under,7.5,-137,2026-05-14,2026-05-13T04:02:02Z,2026-05-12 21:02:52
Betr DFS,player_rebounds,Donovan Mitchell,Over,4.5,-137,2026-05-14,2026-05-13T04:02:02Z,2026-05-12 21:02:52
Betr DFS,player_rebounds,Donovan Mitchell,Under,4.5,-137,2026-05-14,2026-05-13T04:02:02Z,2026-05-12 21:02:52
Betr DFS,player_rebounds,Evan Mobley,Over,7.5,-137,2026-05-14,2026-05-13T04:02:02Z,2026-05-12 21:02:52
Betr DFS,player_rebounds,Evan Mobley,Under,7.5,-137,2026-05-14,2026-05-13T04:02:02Z,2026-05-12 21:02:52
Betr DFS,player_rebounds,Cade Cunningham,Over,5.5,-137,2026-05-14,2026-05-13T04:02:02Z,2026-05-12 21:02:52
Betr DFS,player_rebounds,Cade Cunningham,Under,5.5,-137,2026-05-14,2026-05-13T04:02:02Z,2026-05-12 21:02:52
Betr DFS,player_rebounds,Jalen Duren,Over,9.5,-137,2026-05-14,2026-05-13T04:02:02Z,2026-05-12 21:02:52
Betr DFS,player_rebounds,Jalen Duren,Under,9.5,-137,2026-05-14,2026-05-13T04:02:02Z,2026-05-12 21:02:52
Betr DFS,player_rebounds,Ausar Thompson,Over,7.0,-137,2026-05-14,2026-05-13T04:02:02Z,2026-05-12 21:02:52
Betr DFS,player_rebounds,Ausar Thompson,Under,7.0,-137,2026-05-14,2026-05-13T04:02:02Z,2026-05-12 21:02:52
Betr DFS,player_rebounds,Keldon Johnson,Over,3.5,-137,2026-05-16,2026-05-13T04:01:59Z,2026-05-12 21:02:52
Betr DFS,player_rebounds,Keldon Johnson,Under,3.5,-137,2026-05-16,2026-05-13T04:01:59Z,2026-05-12 21:02:52
Betr DFS,player_rebounds,Julian Champagnie,Over,5.5,-137,2026-05-16,2026-05-13T04:01:59Z,2026-05-12 21:02:52
Betr DFS,player_rebounds,De'Aaron Fox,Over,3.5,-137,2026-05-16,2026-05-13T04:01:59Z,2026-05-12 21:02:52
Betr DFS,player_rebounds,De'Aaron Fox,Under,3.5,-137,2026-05-16,2026-05-13T04:01:59Z,2026-05-12 21:02:52
Betr DFS,player_rebounds,Victor Wembanyama,Over,13.5,-137,2026-05-16,2026-05-13T04:01:59Z,2026-05-12 21:02:52
Betr DFS,player_rebounds,Victor Wembanyama,Under,13.5,-137,2026-05-16,2026-05-13T04:01:59Z,2026-05-12 21:02:52
Betr DFS,player_rebounds,Ayo Dosunmu,Over,3.5,-137,2026-05-16,2026-05-13T04:01:59Z,2026-05-12 21:02:52
Betr DFS,player_rebounds,Ayo Dosunmu,Under,3.5,-137,2026-05-16,2026-05-13T04:01:59Z,2026-05-12 21:02:52
Betr DFS,player_rebounds,Rudy Gobert,Over,8.5,-137,2026-05-16,2026-05-13T04:01:59Z,2026-05-12 21:02:52
Betr DFS,player_rebounds,Rudy Gobert,Under,8.5,-137,2026-05-16,2026-05-13T04:01:59Z,2026-05-12 21:02:52
Betr DFS,player_rebounds,Naz Reid,Over,7.5,-137,2026-05-16,2026-05-13T04:01:59Z,2026-05-12 21:02:52
Betr DFS,player_rebounds,Anthony Edwards,Over,5.5,-137,2026-05-16,2026-05-13T04:01:59Z,2026-05-12 21:02:52
Betr DFS,player_rebounds,Anthony Edwards,Under,5.5,-137,2026-05-16,2026-05-13T04:01:59Z,2026-05-12 21:02:52
DraftKings Pick6,player_rebounds,Donovan Mitchell,Over,4.5,-137,2026-05-14,2026-05-13T04:02:09Z,2026-05-12 21:02:52
DraftKings Pick6,player_rebounds,Donovan Mitchell,Under,4.5,-137,2026-05-14,2026-05-13T04:02:09Z,2026-05-12 21:02:52
DraftKings Pick6,player_rebounds,Cade Cunningham,Over,5.5,-137,2026-05-14,2026-05-13T04:02:09Z,2026-05-12 21:02:52
DraftKings Pick6,player_rebounds,Ausar Thompson,Over,7.5,-137,2026-05-14,2026-05-13T04:02:09Z,2026-05-12 21:02:52
DraftKings Pick6,player_rebounds,Jalen Duren,Over,9.5,-137,2026-05-14,2026-05-13T04:02:09Z,2026-05-12 21:02:52
DraftKings Pick6,player_rebounds,Jalen Duren,Under,9.5,-137,2026-05-14,2026-05-13T04:02:09Z,2026-05-12 21:02:52
DraftKings Pick6,player_rebounds,Duncan Robinson,Over,2.5,-137,2026-05-14,2026-05-13T04:02:09Z,2026-05-12 21:02:52
PrizePicks,player_assists,Donovan Mitchell,Over,3.5,-137,2026-05-14,2026-05-13T04:02:39Z,2026-05-12 21:02:52
PrizePicks,player_assists,Donovan Mitchell,Under,3.5,-137,2026-05-14,2026-05-13T04:02:39Z,2026-05-12 21:02:52
PrizePicks,player_assists,Dennis Schroder,Over,2.5,-137,2026-05-14,2026-05-13T04:02:39Z,2026-05-12 21:02:52
PrizePicks,player_assists,Dennis Schroder,Under,2.5,-137,2026-05-14,2026-05-13T04:02:39Z,2026-05-12 21:02:52
PrizePicks,player_assists,Cade Cunningham,Over,9.0,-137,2026-05-14,2026-05-13T04:02:39Z,2026-05-12 21:02:52
PrizePicks,player_assists,Cade Cunningham,Under,9.0,-137,2026-05-14,2026-05-13T04:02:39Z,2026-05-12 21:02:52
PrizePicks,player_assists,James Harden,Over,7.0,-137,2026-05-14,2026-05-13T04:02:39Z,2026-05-12 21:02:52
PrizePicks,player_assists,James Harden,Under,7.0,-137,2026-05-14,2026-05-13T04:02:39Z,2026-05-12 21:02:52
PrizePicks,player_assists,Stephon Castle,Over,6.5,-137,2026-05-16,2026-05-13T04:02:31Z,2026-05-12 21:02:52
PrizePicks,player_assists,Stephon Castle,Under,6.5,-137,2026-05-16,2026-05-13T04:02:31Z,2026-05-12 21:02:52
PrizePicks,player_assists,De'Aaron Fox,Over,5.5,-137,2026-05-16,2026-05-13T04:02:31Z,2026-05-12 21:02:52
PrizePicks,player_assists,De'Aaron Fox,Under,5.5,-137,2026-05-16,2026-05-13T04:02:31Z,2026-05-12 21:02:52
Underdog,player_assists,Donovan Mitchell,Over,3.5,-137,2026-05-14,2026-05-13T04:02:34Z,2026-05-12 21:02:52
Underdog,player_assists,Donovan Mitchell,Under,3.5,-137,2026-05-14,2026-05-13T04:02:34Z,2026-05-12 21:02:52
Betr DFS,player_assists,James Harden,Over,7.0,-137,2026-05-14,2026-05-13T04:02:02Z,2026-05-12 21:02:52
Betr DFS,player_assists,James Harden,Under,7.0,-137,2026-05-14,2026-05-13T04:02:02Z,2026-05-12 21:02:52
Betr DFS,player_assists,Donovan Mitchell,Over,3.5,-137,2026-05-14,2026-05-13T04:02:02Z,2026-05-12 21:02:52
Betr DFS,player_assists,Donovan Mitchell,Under,3.5,-137,2026-05-14,2026-05-13T04:02:02Z,2026-05-12 21:02:52
Betr DFS,player_assists,Cade Cunningham,Over,9.0,-137,2026-05-14,2026-05-13T04:02:02Z,2026-05-12 21:02:52
Betr DFS,player_assists,Cade Cunningham,Under,9.0,-137,2026-05-14,2026-05-13T04:02:02Z,2026-05-12 21:02:52
Betr DFS,player_assists,De'Aaron Fox,Over,5.5,-137,2026-05-16,2026-05-13T04:01:59Z,2026-05-12 21:02:52
Betr DFS,player_assists,De'Aaron Fox,Under,5.5,-137,2026-05-16,2026-05-13T04:01:59Z,2026-05-12 21:02:52
Betr DFS,player_assists,Stephon Castle,Over,6.5,-137,2026-05-16,2026-05-13T04:01:59Z,2026-05-12 21:02:52
Betr DFS,player_assists,Stephon Castle,Under,6.5,-137,2026-05-16,2026-05-13T04:01:59Z,2026-05-12 21:02:52
Betr DFS,player_assists,Julius Randle,Over,4.5,-137,2026-05-16,2026-05-13T04:01:59Z,2026-05-12 21:02:52
Betr DFS,player_assists,Ayo Dosunmu,Over,3.5,-137,2026-05-16,2026-05-13T04:01:59Z,2026-05-12 21:02:52
Betr DFS,player_assists,Ayo Dosunmu,Under,3.5,-137,2026-05-16,2026-05-13T04:01:59Z,2026-05-12 21:02:52
DraftKings Pick6,player_assists,Donovan Mitchell,Over,3.5,-137,2026-05-14,2026-05-13T04:02:09Z,2026-05-12 21:02:52
DraftKings Pick6,player_assists,Donovan Mitchell,Under,3.5,-137,2026-05-14,2026-05-13T04:02:09Z,2026-05-12 21:02:52
DraftKings Pick6,player_assists,Cade Cunningham,Over,9.5,-137,2026-05-14,2026-05-13T04:02:09Z,2026-05-12 21:02:52
PrizePicks,player_threes,Jaylon Tyson,Over,0.5,-137,2026-05-14,2026-05-13T04:02:39Z,2026-05-12 21:02:52
PrizePicks,player_threes,Jaylon Tyson,Under,0.5,-137,2026-05-14,2026-05-13T04:02:39Z,2026-05-12 21:02:52
PrizePicks,player_threes,Ayo Dosunmu,Over,1.5,-137,2026-05-16,2026-05-13T04:02:31Z,2026-05-12 21:02:52
PrizePicks,player_threes,Ayo Dosunmu,Under,1.5,-137,2026-05-16,2026-05-13T04:02:31Z,2026-05-12 21:02:52
Underdog,player_threes,Dennis Schroder,Over,0.5,-137,2026-05-14,2026-05-13T04:02:34Z,2026-05-12 21:02:52
Underdog,player_threes,Dennis Schroder,Under,0.5,-137,2026-05-14,2026-05-13T04:02:34Z,2026-05-12 21:02:52
Underdog,player_threes,Jaylon Tyson,Over,0.5,-137,2026-05-14,2026-05-13T04:02:34Z,2026-05-12 21:02:52
Underdog,player_threes,Jaylon Tyson,Under,0.5,-137,2026-05-14,2026-05-13T04:02:34Z,2026-05-12 21:02:52
Betr DFS,player_threes,Max Strus,Over,1.5,-137,2026-05-14,2026-05-13T04:02:02Z,2026-05-12 21:02:52
Betr DFS,player_threes,Max Strus,Under,1.5,-137,2026-05-14,2026-05-13T04:02:02Z,2026-05-12 21:02:52
Betr DFS,player_threes,Donovan Mitchell,Over,3.0,-137,2026-05-14,2026-05-13T04:02:02Z,2026-05-12 21:02:52
Betr DFS,player_threes,Donovan Mitchell,Under,3.0,-137,2026-05-14,2026-05-13T04:02:02Z,2026-05-12 21:02:52
Betr DFS,player_threes,Tobias Harris,Over,1.5,-137,2026-05-14,2026-05-13T04:02:02Z,2026-05-12 21:02:52
Betr DFS,player_threes,Tobias Harris,Under,1.5,-137,2026-05-14,2026-05-13T04:02:02Z,2026-05-12 21:02:52
Betr DFS,player_threes,De'Aaron Fox,Over,1.5,-137,2026-05-16,2026-05-13T04:01:59Z,2026-05-12 21:02:52
Betr DFS,player_threes,Ayo Dosunmu,Over,1.5,-137,2026-05-16,2026-05-13T04:01:59Z,2026-05-12 21:02:52
Betr DFS,player_threes,Ayo Dosunmu,Under,1.5,-137,2026-05-16,2026-05-13T04:01:59Z,2026-05-12 21:02:52
Betr DFS,player_threes,Anthony Edwards,Over,2.5,-137,2026-05-16,2026-05-13T04:01:59Z,2026-05-12 21:02:52
Betr DFS,player_threes,Anthony Edwards,Under,2.5,-137,2026-05-16,2026-05-13T04:01:59Z,2026-05-12 21:02:52
Betr DFS,player_threes,Jaden McDaniels,Over,1.5,-137,2026-05-16,2026-05-13T04:01:59Z,2026-05-12 21:02:52
DraftKings Pick6,player_threes,Tobias Harris,Over,1.5,-137,2026-05-14,2026-05-13T04:02:09Z,2026-05-12 21:02:52
DraftKings Pick6,player_threes,Tobias Harris,Under,1.5,-137,2026-05-14,2026-05-13T04:02:09Z,2026-05-12 21:02:52
PrizePicks,player_blocks,Cade Cunningham,Over,0.5,-137,2026-05-14,2026-05-13T04:02:39Z,2026-05-12 21:02:52
PrizePicks,player_blocks,Cade Cunningham,Under,0.5,-137,2026-05-14,2026-05-13T04:02:39Z,2026-05-12 21:02:52
PrizePicks,player_blocks,James Harden,Over,0.5,-137,2026-05-14,2026-05-13T04:02:39Z,2026-05-12 21:02:52
PrizePicks,player_blocks,James Harden,Under,0.5,-137,2026-05-14,2026-05-13T04:02:39Z,2026-05-12 21:02:52
Betr DFS,player_blocks,James Harden,Over,0.5,-137,2026-05-14,2026-05-13T04:02:02Z,2026-05-12 21:02:52
Betr DFS,player_blocks,James Harden,Under,0.5,-137,2026-05-14,2026-05-13T04:02:02Z,2026-05-12 21:02:52
Betr DFS,player_blocks,Jarrett Allen,Over,1.5,-137,2026-05-14,2026-05-13T04:02:02Z,2026-05-12 21:02:52
Betr DFS,player_blocks,Jarrett Allen,Under,1.5,-137,2026-05-14,2026-05-13T04:02:02Z,2026-05-12 21:02:52
Betr DFS,player_blocks,Tobias Harris,Over,0.5,-137,2026-05-14,2026-05-13T04:02:02Z,2026-05-12 21:02:52
Betr DFS,player_blocks,Caris LeVert,Over,0.5,-137,2026-05-14,2026-05-13T04:02:02Z,2026-05-12 21:02:52
Betr DFS,player_blocks,Cade Cunningham,Over,0.5,-137,2026-05-14,2026-05-13T04:02:02Z,2026-05-12 21:02:52
Betr DFS,player_blocks,Cade Cunningham,Under,0.5,-137,2026-05-14,2026-05-13T04:02:02Z,2026-05-12 21:02:52
PrizePicks,player_steals,Tobias Harris,Over,1.5,-137,2026-05-14,2026-05-13T04:02:39Z,2026-05-12 21:02:52
PrizePicks,player_steals,Tobias Harris,Under,1.5,-137,2026-05-14,2026-05-13T04:02:39Z,2026-05-12 21:02:52
PrizePicks,player_steals,Daniss Jenkins,Over,0.5,-137,2026-05-14,2026-05-13T04:02:39Z,2026-05-12 21:02:52
PrizePicks,player_steals,Daniss Jenkins,Under,0.5,-137,2026-05-14,2026-05-13T04:02:39Z,2026-05-12 21:02:52
Betr DFS,player_steals,Tobias Harris,Over,1.5,-137,2026-05-14,2026-05-13T04:02:02Z,2026-05-12 21:02:52
PrizePicks,player_field_goals,James Harden,Over,5.5,-137,2026-05-14,2026-05-13T04:02:39Z,2026-05-12 21:02:52
PrizePicks,player_field_goals,James Harden,Under,5.5,-137,2026-05-14,2026-05-13T04:02:39Z,2026-05-12 21:02:52
PrizePicks,player_field_goals,Donovan Mitchell,Over,8.5,-137,2026-05-14,2026-05-13T04:02:39Z,2026-05-12 21:02:52
PrizePicks,player_field_goals,Donovan Mitchell,Under,8.5,-137,2026-05-14,2026-05-13T04:02:39Z,2026-05-12 21:02:52
PrizePicks,player_field_goals,Tobias Harris,Over,7.0,-137,2026-05-14,2026-05-13T04:02:39Z,2026-05-12 21:02:52
PrizePicks,player_field_goals,Tobias Harris,Under,7.0,-137,2026-05-14,2026-05-13T04:02:39Z,2026-05-12 21:02:52
PrizePicks,player_field_goals,Evan Mobley,Over,5.5,-137,2026-05-14,2026-05-13T04:02:39Z,2026-05-12 21:02:52
PrizePicks,player_field_goals,Evan Mobley,Under,5.5,-137,2026-05-14,2026-05-13T04:02:39Z,2026-05-12 21:02:52
PrizePicks,player_field_goals,Jarrett Allen,Over,5.0,-137,2026-05-14,2026-05-13T04:02:39Z,2026-05-12 21:02:52
PrizePicks,player_field_goals,Jarrett Allen,Under,5.0,-137,2026-05-14,2026-05-13T04:02:39Z,2026-05-12 21:02:52
PrizePicks,player_field_goals,Jalen Duren,Over,5.0,-137,2026-05-14,2026-05-13T04:02:39Z,2026-05-12 21:02:52
PrizePicks,player_field_goals,Jalen Duren,Under,5.0,-137,2026-05-14,2026-05-13T04:02:39Z,2026-05-12 21:02:52
PrizePicks,player_field_goals,Ausar Thompson,Over,4.0,-137,2026-05-14,2026-05-13T04:02:39Z,2026-05-12 21:02:52
PrizePicks,player_field_goals,Ausar Thompson,Under,4.0,-137,2026-05-14,2026-05-13T04:02:39Z,2026-05-12 21:02:52
PrizePicks,player_field_goals,Duncan Robinson,Over,4.0,-137,2026-05-14,2026-05-13T04:02:39Z,2026-05-12 21:02:52
PrizePicks,player_field_goals,Duncan Robinson,Under,4.0,-137,2026-05-14,2026-05-13T04:02:39Z,2026-05-12 21:02:52
Betr DFS,player_field_goals,James Harden,Over,5.5,-137,2026-05-14,2026-05-13T04:02:02Z,2026-05-12 21:02:52
Betr DFS,player_field_goals,James Harden,Under,5.5,-137,2026-05-14,2026-05-13T04:02:02Z,2026-05-12 21:02:52
Betr DFS,player_field_goals,Donovan Mitchell,Over,8.5,-137,2026-05-14,2026-05-13T04:02:02Z,2026-05-12 21:02:52
Betr DFS,player_field_goals,Donovan Mitchell,Under,8.5,-137,2026-05-14,2026-05-13T04:02:02Z,2026-05-12 21:02:52
Betr DFS,player_field_goals,Dean Wade,Over,1.5,-137,2026-05-14,2026-05-13T04:02:02Z,2026-05-12 21:02:52
Betr DFS,player_field_goals,Evan Mobley,Over,5.5,-137,2026-05-14,2026-05-13T04:02:02Z,2026-05-12 21:02:52
Betr DFS,player_field_goals,Evan Mobley,Under,5.5,-137,2026-05-14,2026-05-13T04:02:02Z,2026-05-12 21:02:52
Betr DFS,player_field_goals,Jaylon Tyson,Over,1.5,-137,2026-05-14,2026-05-13T04:02:02Z,2026-05-12 21:02:52
PrizePicks,player_frees_made,Donovan Mitchell,Over,6.5,-137,2026-05-14,2026-05-13T04:02:39Z,2026-05-12 21:02:52
PrizePicks,player_frees_made,Donovan Mitchell,Under,6.5,-137,2026-05-14,2026-05-13T04:02:39Z,2026-05-12 21:02:52
PrizePicks,player_frees_made,James Harden,Over,4.5,-137,2026-05-14,2026-05-13T04:02:39Z,2026-05-12 21:02:52
PrizePicks,player_frees_made,James Harden,Under,4.5,-137,2026-05-14,2026-05-13T04:02:39Z,2026-05-12 21:02:52
PrizePicks,player_frees_made,Jarrett Allen,Over,2.5,-137,2026-05-14,2026-05-13T04:02:39Z,2026-05-12 21:02:52
PrizePicks,player_frees_made,Jarrett Allen,Under,2.5,-137,2026-05-14,2026-05-13T04:02:39Z,2026-05-12 21:02:52
PrizePicks,player_frees_made,Jalen Duren,Over,2.5,-137,2026-05-14,2026-05-13T04:02:39Z,2026-05-12 21:02:52
PrizePicks,player_frees_made,Jalen Duren,Under,2.5,-137,2026-05-14,2026-05-13T04:02:39Z,2026-05-12 21:02:52
PrizePicks,player_frees_made,Daniss Jenkins,Over,1.5,-137,2026-05-14,2026-05-13T04:02:39Z,2026-05-12 21:02:52
PrizePicks,player_frees_made,Daniss Jenkins,Under,1.5,-137,2026-05-14,2026-05-13T04:02:39Z,2026-05-12 21:02:52
PrizePicks,player_frees_made,Caris LeVert,Over,0.5,-137,2026-05-14,2026-05-13T04:02:39Z,2026-05-12 21:02:52
PrizePicks,player_frees_made,Caris LeVert,Under,0.5,-137,2026-05-14,2026-05-13T04:02:39Z,2026-05-12 21:02:52
PrizePicks,player_frees_made,Duncan Robinson,Over,0.5,-137,2026-05-14,2026-05-13T04:02:39Z,2026-05-12 21:02:52
PrizePicks,player_frees_made,Duncan Robinson,Under,0.5,-137,2026-05-14,2026-05-13T04:02:39Z,2026-05-12 21:02:52
Betr DFS,player_frees_made,James Harden,Over,4.5,-137,2026-05-14,2026-05-13T04:02:02Z,2026-05-12 21:02:52
Betr DFS,player_frees_made,James Harden,Under,4.5,-137,2026-05-14,2026-05-13T04:02:02Z,2026-05-12 21:02:52
Betr DFS,player_frees_made,Jarrett Allen,Over,2.5,-137,2026-05-14,2026-05-13T04:02:02Z,2026-05-12 21:02:52
Betr DFS,player_frees_made,Jarrett Allen,Under,2.5,-137,2026-05-14,2026-05-13T04:02:02Z,2026-05-12 21:02:52
Betr DFS,player_frees_made,Donovan Mitchell,Over,6.5,-137,2026-05-14,2026-05-13T04:02:02Z,2026-05-12 21:02:52
Betr DFS,player_frees_made,Donovan Mitchell,Under,6.5,-137,2026-05-14,2026-05-13T04:02:02Z,2026-05-12 21:02:52
Betr DFS,player_frees_made,Evan Mobley,Over,2.5,-137,2026-05-14,2026-05-13T04:02:02Z,2026-05-12 21:02:52
Betr DFS,player_frees_made,Cade Cunningham,Over,4.5,-137,2026-05-14,2026-05-13T04:02:02Z,2026-05-12 21:02:52
Betr DFS,player_frees_made,Cade Cunningham,Under,4.5,-137,2026-05-14,2026-05-13T04:02:02Z,2026-05-12 21:02:52
Betr DFS,player_frees_made,Jalen Duren,Over,2.5,-137,2026-05-14,2026-05-13T04:02:02Z,2026-05-12 21:02:52
Betr DFS,player_frees_made,Jalen Duren,Under,2.5,-137,2026-05-14,2026-05-13T04:02:02Z,2026-05-12 21:02:52
PrizePicks,player_frees_attempts,Donovan Mitchell,Over,7.5,-137,2026-05-14,2026-05-13T04:02:39Z,2026-05-12 21:02:52
PrizePicks,player_frees_attempts,Donovan Mitchell,Under,7.5,-137,2026-05-14,2026-05-13T04:02:39Z,2026-05-12 21:02:52
PrizePicks,player_frees_attempts,James Harden,Over,5.5,-137,2026-05-14,2026-05-13T04:02:39Z,2026-05-12 21:02:52
PrizePicks,player_frees_attempts,James Harden,Under,5.5,-137,2026-05-14,2026-05-13T04:02:39Z,2026-05-12 21:02:52
PrizePicks,player_frees_attempts,Cade Cunningham,Over,5.5,-137,2026-05-14,2026-05-13T04:02:39Z,2026-05-12 21:02:52
PrizePicks,player_frees_attempts,Cade Cunningham,Under,5.5,-137,2026-05-14,2026-05-13T04:02:39Z,2026-05-12 21:02:52
PrizePicks,player_frees_attempts,Jalen Duren,Over,3.5,-137,2026-05-14,2026-05-13T04:02:39Z,2026-05-12 21:02:52
PrizePicks,player_frees_attempts,Jalen Duren,Under,3.5,-137,2026-05-14,2026-05-13T04:02:39Z,2026-05-12 21:02:52
PrizePicks,player_frees_attempts,Tobias Harris,Over,3.5,-137,2026-05-14,2026-05-13T04:02:39Z,2026-05-12 21:02:52
PrizePicks,player_frees_attempts,Tobias Harris,Under,3.5,-137,2026-05-14,2026-05-13T04:02:39Z,2026-05-12 21:02:52
PrizePicks,player_frees_attempts,Caris LeVert,Over,1.5,-137,2026-05-14,2026-05-13T04:02:39Z,2026-05-12 21:02:52
PrizePicks,player_frees_attempts,Caris LeVert,Under,1.5,-137,2026-05-14,2026-05-13T04:02:39Z,2026-05-12 21:02:52
PrizePicks,player_frees_attempts,Evan Mobley,Over,4.0,-137,2026-05-14,2026-05-13T04:02:39Z,2026-05-12 21:02:52
PrizePicks,player_frees_attempts,Evan Mobley,Under,4.0,-137,2026-05-14,2026-05-13T04:02:39Z,2026-05-12 21:02:52
PrizePicks,player_frees_attempts,Jarrett Allen,Over,4.0,-137,2026-05-14,2026-05-13T04:02:39Z,2026-05-12 21:02:52
PrizePicks,player_frees_attempts,Jarrett Allen,Under,4.0,-137,2026-05-14,2026-05-13T04:02:39Z,2026-05-12 21:02:52
Betr DFS,player_frees_attempts,Jarrett Allen,Over,4.5,-137,2026-05-14,2026-05-13T04:02:02Z,2026-05-12 21:02:52
Betr DFS,player_frees_attempts,Donovan Mitchell,Over,7.5,-137,2026-05-14,2026-05-13T04:02:02Z,2026-05-12 21:02:52
Betr DFS,player_frees_attempts,Donovan Mitchell,Under,7.5,-137,2026-05-14,2026-05-13T04:02:02Z,2026-05-12 21:02:52
Betr DFS,player_frees_attempts,Tobias Harris,Over,3.5,-137,2026-05-14,2026-05-13T04:02:02Z,2026-05-12 21:02:52
Betr DFS,player_frees_attempts,Tobias Harris,Under,3.5,-137,2026-05-14,2026-05-13T04:02:02Z,2026-05-12 21:02:52
Betr DFS,player_frees_attempts,Cade Cunningham,Over,5.5,-137,2026-05-14,2026-05-13T04:02:02Z,2026-05-12 21:02:52
Betr DFS,player_frees_attempts,Cade Cunningham,Under,5.5,-137,2026-05-14,2026-05-13T04:02:02Z,2026-05-12 21:02:52
Betr DFS,player_frees_attempts,Jalen Duren,Over,3.5,-137,2026-05-14,2026-05-13T04:02:02Z,2026-05-12 21:02:52
Betr DFS,player_frees_attempts,Jalen Duren,Under,3.5,-137,2026-05-14,2026-05-13T04:02:02Z,2026-05-12 21:02:52
PrizePicks,player_points_rebounds_assists,Cade Cunningham,Over,41.5,-137,2026-05-14,2026-05-13T04:02:39Z,2026-05-12 21:02:52
PrizePicks,player_points_rebounds_assists,Cade Cunningham,Under,41.5,-137,2026-05-14,2026-05-13T04:02:39Z,2026-05-12 21:02:52
PrizePicks,player_points_rebounds_assists,Donovan Mitchell,Over,35.5,-137,2026-05-14,2026-05-13T04:02:39Z,2026-05-12 21:02:52
PrizePicks,player_points_rebounds_assists,Donovan Mitchell,Under,35.5,-137,2026-05-14,2026-05-13T04:02:39Z,2026-05-12 21:02:52
PrizePicks,player_points_rebounds_assists,James Harden,Over,30.5,-137,2026-05-14,2026-05-13T04:02:39Z,2026-05-12 21:02:52
PrizePicks,player_points_rebounds_assists,James Harden,Under,30.5,-137,2026-05-14,2026-05-13T04:02:39Z,2026-05-12 21:02:52
PrizePicks,player_points_rebounds_assists,Tobias Harris,Over,27.5,-137,2026-05-14,2026-05-13T04:02:39Z,2026-05-12 21:02:52
PrizePicks,player_points_rebounds_assists,Tobias Harris,Under,27.5,-137,2026-05-14,2026-05-13T04:02:39Z,2026-05-12 21:02:52
PrizePicks,player_points_rebounds_assists,Evan Mobley,Over,26.5,-137,2026-05-14,2026-05-13T04:02:39Z,2026-05-12 21:02:52
PrizePicks,player_points_rebounds_assists,Evan Mobley,Under,26.5,-137,2026-05-14,2026-05-13T04:02:39Z,2026-05-12 21:02:52
PrizePicks,player_points_rebounds_assists,Jalen Duren,Over,23.5,-137,2026-05-14,2026-05-13T04:02:39Z,2026-05-12 21:02:52
PrizePicks,player_points_rebounds_assists,Jalen Duren,Under,23.5,-137,2026-05-14,2026-05-13T04:02:39Z,2026-05-12 21:02:52
PrizePicks,player_points_rebounds_assists,Jarrett Allen,Over,20.5,-137,2026-05-14,2026-05-13T04:02:39Z,2026-05-12 21:02:52
PrizePicks,player_points_rebounds_assists,Jarrett Allen,Under,20.5,-137,2026-05-14,2026-05-13T04:02:39Z,2026-05-12 21:02:52
PrizePicks,player_points_rebounds_assists,Ausar Thompson,Over,19.5,-137,2026-05-14,2026-05-13T04:02:39Z,2026-05-12 21:02:52
PrizePicks,player_points_rebounds_assists,Ausar Thompson,Under,19.5,-137,2026-05-14,2026-05-13T04:02:39Z,2026-05-12 21:02:52
PrizePicks,player_points_rebounds_assists,Duncan Robinson,Over,16.5,-137,2026-05-14,2026-05-13T04:02:39Z,2026-05-12 21:02:52
PrizePicks,player_points_rebounds_assists,Duncan Robinson,Under,16.5,-137,2026-05-14,2026-05-13T04:02:39Z,2026-05-12 21:02:52
PrizePicks,player_points_rebounds_assists,Daniss Jenkins,Over,14.5,-137,2026-05-14,2026-05-13T04:02:39Z,2026-05-12 21:02:52
PrizePicks,player_points_rebounds_assists,Daniss Jenkins,Under,14.5,-137,2026-05-14,2026-05-13T04:02:39Z,2026-05-12 21:02:52
PrizePicks,player_points_rebounds_assists,Max Strus,Over,14.0,-137,2026-05-14,2026-05-13T04:02:39Z,2026-05-12 21:02:52
PrizePicks,player_points_rebounds_assists,Max Strus,Under,14.0,-137,2026-05-14,2026-05-13T04:02:39Z,2026-05-12 21:02:52
PrizePicks,player_points_rebounds_assists,Dean Wade,Over,7.5,-137,2026-05-14,2026-05-13T04:02:39Z,2026-05-12 21:02:52
PrizePicks,player_points_rebounds_assists,Dean Wade,Under,7.5,-137,2026-05-14,2026-05-13T04:02:39Z,2026-05-12 21:02:52
PrizePicks,player_points_rebounds_assists,Caris LeVert,Over,12.5,-137,2026-05-14,2026-05-13T04:02:39Z,2026-05-12 21:02:52
PrizePicks,player_points_rebounds_assists,Caris LeVert,Under,12.5,-137,2026-05-14,2026-05-13T04:02:39Z,2026-05-12 21:02:52
PrizePicks,player_points_rebounds_assists,Dennis Schroder,Over,11.5,-137,2026-05-14,2026-05-13T04:02:39Z,2026-05-12 21:02:52
PrizePicks,player_points_rebounds_assists,Dennis Schroder,Under,11.5,-137,2026-05-14,2026-05-13T04:02:39Z,2026-05-12 21:02:52
PrizePicks,player_points_rebounds_assists,Sam Merrill,Over,7.5,-137,2026-05-14,2026-05-13T04:02:39Z,2026-05-12 21:02:52
PrizePicks,player_points_rebounds_assists,Sam Merrill,Under,7.5,-137,2026-05-14,2026-05-13T04:02:39Z,2026-05-12 21:02:52
PrizePicks,player_points_rebounds_assists,Victor Wembanyama,Over,43.5,-137,2026-05-16,2026-05-13T04:02:31Z,2026-05-12 21:02:52
PrizePicks,player_points_rebounds_assists,Victor Wembanyama,Under,43.5,-137,2026-05-16,2026-05-13T04:02:31Z,2026-05-12 21:02:52
PrizePicks,player_points_rebounds_assists,Anthony Edwards,Over,35.5,-137,2026-05-16,2026-05-13T04:02:31Z,2026-05-12 21:02:52
PrizePicks,player_points_rebounds_assists,Anthony Edwards,Under,35.5,-137,2026-05-16,2026-05-13T04:02:31Z,2026-05-12 21:02:52
PrizePicks,player_points_rebounds_assists,Stephon Castle,Over,28.5,-137,2026-05-16,2026-05-13T04:02:31Z,2026-05-12 21:02:52
PrizePicks,player_points_rebounds_assists,Stephon Castle,Under,28.5,-137,2026-05-16,2026-05-13T04:02:31Z,2026-05-12 21:02:52
PrizePicks,player_points_rebounds_assists,Julius Randle,Over,27.5,-137,2026-05-16,2026-05-13T04:02:31Z,2026-05-12 21:02:52
PrizePicks,player_points_rebounds_assists,Julius Randle,Under,27.5,-137,2026-05-16,2026-05-13T04:02:31Z,2026-05-12 21:02:52
PrizePicks,player_points_rebounds_assists,De'Aaron Fox,Over,25.5,-137,2026-05-16,2026-05-13T04:02:31Z,2026-05-12 21:02:52
PrizePicks,player_points_rebounds_assists,De'Aaron Fox,Under,25.5,-137,2026-05-16,2026-05-13T04:02:31Z,2026-05-12 21:02:52
PrizePicks,player_points_rebounds_assists,Jaden McDaniels,Over,23.5,-137,2026-05-16,2026-05-13T04:02:31Z,2026-05-12 21:02:52
PrizePicks,player_points_rebounds_assists,Jaden McDaniels,Under,23.5,-137,2026-05-16,2026-05-13T04:02:31Z,2026-05-12 21:02:52
PrizePicks,player_points_rebounds_assists,Naz Reid,Over,21.5,-137,2026-05-16,2026-05-13T04:02:31Z,2026-05-12 21:02:52
PrizePicks,player_points_rebounds_assists,Naz Reid,Under,21.5,-137,2026-05-16,2026-05-13T04:02:31Z,2026-05-12 21:02:52
PrizePicks,player_points_rebounds_assists,Ayo Dosunmu,Over,20.5,-137,2026-05-16,2026-05-13T04:02:31Z,2026-05-12 21:02:52
PrizePicks,player_points_rebounds_assists,Ayo Dosunmu,Under,20.5,-137,2026-05-16,2026-05-13T04:02:31Z,2026-05-12 21:02:52
PrizePicks,player_points_rebounds_assists,Devin Vassell,Over,19.5,-137,2026-05-16,2026-05-13T04:02:31Z,2026-05-12 21:02:52
PrizePicks,player_points_rebounds_assists,Devin Vassell,Under,19.5,-137,2026-05-16,2026-05-13T04:02:31Z,2026-05-12 21:02:52
PrizePicks,player_points_rebounds_assists,Dylan Harper,Over,18.5,-137,2026-05-16,2026-05-13T04:02:31Z,2026-05-12 21:02:52
PrizePicks,player_points_rebounds_assists,Dylan Harper,Under,18.5,-137,2026-05-16,2026-05-13T04:02:31Z,2026-05-12 21:02:52
PrizePicks,player_points_rebounds_assists,Rudy Gobert,Over,17.5,-137,2026-05-16,2026-05-13T04:02:31Z,2026-05-12 21:02:52
PrizePicks,player_points_rebounds_assists,Rudy Gobert,Under,17.5,-137,2026-05-16,2026-05-13T04:02:31Z,2026-05-12 21:02:52
PrizePicks,player_points_rebounds_assists,Julian Champagnie,Over,15.5,-137,2026-05-16,2026-05-13T04:02:31Z,2026-05-12 21:02:52
PrizePicks,player_points_rebounds_assists,Julian Champagnie,Under,15.5,-137,2026-05-16,2026-05-13T04:02:31Z,2026-05-12 21:02:52
PrizePicks,player_points_rebounds_assists,Terrence Shannon Jr.,Over,11.5,-137,2026-05-16,2026-05-13T04:02:31Z,2026-05-12 21:02:52
PrizePicks,player_points_rebounds_assists,Terrence Shannon Jr.,Under,11.5,-137,2026-05-16,2026-05-13T04:02:31Z,2026-05-12 21:02:52
Underdog,player_points_rebounds_assists,Donovan Mitchell,Over,35.5,-137,2026-05-14,2026-05-13T04:02:34Z,2026-05-12 21:02:52
Underdog,player_points_rebounds_assists,Donovan Mitchell,Under,35.5,-137,2026-05-14,2026-05-13T04:02:34Z,2026-05-12 21:02:52
Underdog,player_points_rebounds_assists,Cade Cunningham,Over,41.5,-137,2026-05-14,2026-05-13T04:02:34Z,2026-05-12 21:02:52
Underdog,player_points_rebounds_assists,Cade Cunningham,Under,41.5,-137,2026-05-14,2026-05-13T04:02:34Z,2026-05-12 21:02:52
Underdog,player_points_rebounds_assists,James Harden,Over,30.5,-137,2026-05-14,2026-05-13T04:02:34Z,2026-05-12 21:02:52
Underdog,player_points_rebounds_assists,James Harden,Under,30.5,-137,2026-05-14,2026-05-13T04:02:34Z,2026-05-12 21:02:52
Underdog,player_points_rebounds_assists,Ausar Thompson,Over,19.5,-137,2026-05-14,2026-05-13T04:02:34Z,2026-05-12 21:02:52
Underdog,player_points_rebounds_assists,Ausar Thompson,Under,19.5,-137,2026-05-14,2026-05-13T04:02:34Z,2026-05-12 21:02:52
Underdog,player_points_rebounds_assists,Jarrett Allen,Over,20.5,-137,2026-05-14,2026-05-13T04:02:34Z,2026-05-12 21:02:52
Underdog,player_points_rebounds_assists,Jarrett Allen,Under,20.5,-137,2026-05-14,2026-05-13T04:02:34Z,2026-05-12 21:02:52
Underdog,player_points_rebounds_assists,Dennis Schroder,Over,11.5,-137,2026-05-14,2026-05-13T04:02:34Z,2026-05-12 21:02:52
Underdog,player_points_rebounds_assists,Dennis Schroder,Under,11.5,-137,2026-05-14,2026-05-13T04:02:34Z,2026-05-12 21:02:52
Underdog,player_points_rebounds_assists,Jalen Duren,Over,23.5,-137,2026-05-14,2026-05-13T04:02:34Z,2026-05-12 21:02:52
Underdog,player_points_rebounds_assists,Jalen Duren,Under,23.5,-137,2026-05-14,2026-05-13T04:02:34Z,2026-05-12 21:02:52
Underdog,player_points_rebounds_assists,Duncan Robinson,Over,16.5,-137,2026-05-14,2026-05-13T04:02:34Z,2026-05-12 21:02:52
Underdog,player_points_rebounds_assists,Duncan Robinson,Under,16.5,-137,2026-05-14,2026-05-13T04:02:34Z,2026-05-12 21:02:52
Underdog,player_points_rebounds_assists,Daniss Jenkins,Over,14.5,-137,2026-05-14,2026-05-13T04:02:34Z,2026-05-12 21:02:52
Underdog,player_points_rebounds_assists,Daniss Jenkins,Under,14.5,-137,2026-05-14,2026-05-13T04:02:34Z,2026-05-12 21:02:52
Betr DFS,player_points_rebounds_assists,Max Strus,Over,14.5,-137,2026-05-14,2026-05-13T04:02:02Z,2026-05-12 21:02:52
Betr DFS,player_points_rebounds_assists,Max Strus,Under,14.5,-137,2026-05-14,2026-05-13T04:02:02Z,2026-05-12 21:02:52
Betr DFS,player_points_rebounds_assists,James Harden,Over,30.5,-137,2026-05-14,2026-05-13T04:02:02Z,2026-05-12 21:02:52
Betr DFS,player_points_rebounds_assists,James Harden,Under,30.5,-137,2026-05-14,2026-05-13T04:02:02Z,2026-05-12 21:02:52
Betr DFS,player_points_rebounds_assists,Jarrett Allen,Over,19.5,-137,2026-05-14,2026-05-13T04:02:02Z,2026-05-12 21:02:52
Betr DFS,player_points_rebounds_assists,Jarrett Allen,Under,19.5,-137,2026-05-14,2026-05-13T04:02:02Z,2026-05-12 21:02:52
Betr DFS,player_points_rebounds_assists,Donovan Mitchell,Over,35.5,-137,2026-05-14,2026-05-13T04:02:02Z,2026-05-12 21:02:52
Betr DFS,player_points_rebounds_assists,Donovan Mitchell,Under,35.5,-137,2026-05-14,2026-05-13T04:02:02Z,2026-05-12 21:02:52
Betr DFS,player_points_rebounds_assists,Evan Mobley,Over,26.5,-137,2026-05-14,2026-05-13T04:02:02Z,2026-05-12 21:02:52
Betr DFS,player_points_rebounds_assists,Evan Mobley,Under,26.5,-137,2026-05-14,2026-05-13T04:02:02Z,2026-05-12 21:02:52
Betr DFS,player_points_rebounds_assists,Duncan Robinson,Over,16.5,-137,2026-05-14,2026-05-13T04:02:02Z,2026-05-12 21:02:52
Betr DFS,player_points_rebounds_assists,Duncan Robinson,Under,16.5,-137,2026-05-14,2026-05-13T04:02:02Z,2026-05-12 21:02:52
Betr DFS,player_points_rebounds_assists,Tobias Harris,Over,27.5,-137,2026-05-14,2026-05-13T04:02:02Z,2026-05-12 21:02:52
Betr DFS,player_points_rebounds_assists,Tobias Harris,Under,27.5,-137,2026-05-14,2026-05-13T04:02:02Z,2026-05-12 21:02:52
Betr DFS,player_points_rebounds_assists,Cade Cunningham,Over,41.5,-137,2026-05-14,2026-05-13T04:02:02Z,2026-05-12 21:02:52
Betr DFS,player_points_rebounds_assists,Cade Cunningham,Under,41.5,-137,2026-05-14,2026-05-13T04:02:02Z,2026-05-12 21:02:52
Betr DFS,player_points_rebounds_assists,Jalen Duren,Over,24.5,-137,2026-05-14,2026-05-13T04:02:02Z,2026-05-12 21:02:52
Betr DFS,player_points_rebounds_assists,Jalen Duren,Under,24.5,-137,2026-05-14,2026-05-13T04:02:02Z,2026-05-12 21:02:52
Betr DFS,player_points_rebounds_assists,Ausar Thompson,Over,19.5,-137,2026-05-14,2026-05-13T04:02:02Z,2026-05-12 21:02:52
Betr DFS,player_points_rebounds_assists,Ausar Thompson,Under,19.5,-137,2026-05-14,2026-05-13T04:02:02Z,2026-05-12 21:02:52
Betr DFS,player_points_rebounds_assists,Daniss Jenkins,Over,14.5,-137,2026-05-14,2026-05-13T04:02:02Z,2026-05-12 21:02:52
Betr DFS,player_points_rebounds_assists,Daniss Jenkins,Under,14.5,-137,2026-05-14,2026-05-13T04:02:02Z,2026-05-12 21:02:52
Betr DFS,player_points_rebounds_assists,Devin Vassell,Over,19.5,-137,2026-05-16,2026-05-13T04:01:59Z,2026-05-12 21:02:52
Betr DFS,player_points_rebounds_assists,Devin Vassell,Under,19.5,-137,2026-05-16,2026-05-13T04:01:59Z,2026-05-12 21:02:52
Betr DFS,player_points_rebounds_assists,Julian Champagnie,Over,15.5,-137,2026-05-16,2026-05-13T04:01:59Z,2026-05-12 21:02:52
Betr DFS,player_points_rebounds_assists,Julian Champagnie,Under,15.5,-137,2026-05-16,2026-05-13T04:01:59Z,2026-05-12 21:02:52
Betr DFS,player_points_rebounds_assists,De'Aaron Fox,Over,26.5,-137,2026-05-16,2026-05-13T04:01:59Z,2026-05-12 21:02:52
Betr DFS,player_points_rebounds_assists,De'Aaron Fox,Under,26.5,-137,2026-05-16,2026-05-13T04:01:59Z,2026-05-12 21:02:52
Betr DFS,player_points_rebounds_assists,Victor Wembanyama,Over,43.5,-137,2026-05-16,2026-05-13T04:01:59Z,2026-05-12 21:02:52
Betr DFS,player_points_rebounds_assists,Victor Wembanyama,Under,43.5,-137,2026-05-16,2026-05-13T04:01:59Z,2026-05-12 21:02:52
Betr DFS,player_points_rebounds_assists,Stephon Castle,Over,29.5,-137,2026-05-16,2026-05-13T04:01:59Z,2026-05-12 21:02:52
Betr DFS,player_points_rebounds_assists,Stephon Castle,Under,29.5,-137,2026-05-16,2026-05-13T04:01:59Z,2026-05-12 21:02:52
Betr DFS,player_points_rebounds_assists,Dylan Harper,Over,18.5,-137,2026-05-16,2026-05-13T04:01:59Z,2026-05-12 21:02:52
Betr DFS,player_points_rebounds_assists,Dylan Harper,Under,18.5,-137,2026-05-16,2026-05-13T04:01:59Z,2026-05-12 21:02:52
Betr DFS,player_points_rebounds_assists,Julius Randle,Over,27.5,-137,2026-05-16,2026-05-13T04:01:59Z,2026-05-12 21:02:52
Betr DFS,player_points_rebounds_assists,Julius Randle,Under,27.5,-137,2026-05-16,2026-05-13T04:01:59Z,2026-05-12 21:02:52
Betr DFS,player_points_rebounds_assists,Ayo Dosunmu,Over,20.5,-137,2026-05-16,2026-05-13T04:01:59Z,2026-05-12 21:02:52
Betr DFS,player_points_rebounds_assists,Ayo Dosunmu,Under,20.5,-137,2026-05-16,2026-05-13T04:01:59Z,2026-05-12 21:02:52
Betr DFS,player_points_rebounds_assists,Rudy Gobert,Over,16.5,-137,2026-05-16,2026-05-13T04:01:59Z,2026-05-12 21:02:52
Betr DFS,player_points_rebounds_assists,Rudy Gobert,Under,16.5,-137,2026-05-16,2026-05-13T04:01:59Z,2026-05-12 21:02:52
Betr DFS,player_points_rebounds_assists,Naz Reid,Over,22.5,-137,2026-05-16,2026-05-13T04:01:59Z,2026-05-12 21:02:52
Betr DFS,player_points_rebounds_assists,Naz Reid,Under,22.5,-137,2026-05-16,2026-05-13T04:01:59Z,2026-05-12 21:02:52
Betr DFS,player_points_rebounds_assists,Anthony Edwards,Over,35.5,-137,2026-05-16,2026-05-13T04:01:59Z,2026-05-12 21:02:52
Betr DFS,player_points_rebounds_assists,Anthony Edwards,Under,35.5,-137,2026-05-16,2026-05-13T04:01:59Z,2026-05-12 21:02:52
Betr DFS,player_points_rebounds_assists,Jaden McDaniels,Over,23.5,-137,2026-05-16,2026-05-13T04:01:59Z,2026-05-12 21:02:52
Betr DFS,player_points_rebounds_assists,Jaden McDaniels,Under,23.5,-137,2026-05-16,2026-05-13T04:01:59Z,2026-05-12 21:02:52
DraftKings Pick6,player_points_rebounds_assists,James Harden,Over,30.5,-137,2026-05-14,2026-05-13T04:02:09Z,2026-05-12 21:02:52
DraftKings Pick6,player_points_rebounds_assists,James Harden,Under,30.5,-137,2026-05-14,2026-05-13T04:02:09Z,2026-05-12 21:02:52
DraftKings Pick6,player_points_rebounds_assists,Donovan Mitchell,Over,35.5,-137,2026-05-14,2026-05-13T04:02:09Z,2026-05-12 21:02:52
DraftKings Pick6,player_points_rebounds_assists,Donovan Mitchell,Under,35.5,-137,2026-05-14,2026-05-13T04:02:09Z,2026-05-12 21:02:52
DraftKings Pick6,player_points_rebounds_assists,Max Strus,Over,14.5,-137,2026-05-14,2026-05-13T04:02:09Z,2026-05-12 21:02:52
DraftKings Pick6,player_points_rebounds_assists,Duncan Robinson,Over,16.5,-137,2026-05-14,2026-05-13T04:02:09Z,2026-05-12 21:02:52
DraftKings Pick6,player_points_rebounds_assists,Duncan Robinson,Under,16.5,-137,2026-05-14,2026-05-13T04:02:09Z,2026-05-12 21:02:52
DraftKings Pick6,player_points_rebounds_assists,Ausar Thompson,Over,19.5,-137,2026-05-14,2026-05-13T04:02:09Z,2026-05-12 21:02:52
DraftKings Pick6,player_points_rebounds_assists,Ausar Thompson,Under,19.5,-137,2026-05-14,2026-05-13T04:02:09Z,2026-05-12 21:02:52
DraftKings Pick6,player_points_rebounds_assists,Jalen Duren,Over,24.5,-137,2026-05-14,2026-05-13T04:02:09Z,2026-05-12 21:02:52
DraftKings Pick6,player_points_rebounds_assists,Jalen Duren,Under,24.5,-137,2026-05-14,2026-05-13T04:02:09Z,2026-05-12 21:02:52
DraftKings Pick6,player_points_rebounds_assists,Tobias Harris,Over,27.5,-137,2026-05-14,2026-05-13T04:02:09Z,2026-05-12 21:02:52
DraftKings Pick6,player_points_rebounds_assists,Tobias Harris,Under,27.5,-137,2026-05-14,2026-05-13T04:02:09Z,2026-05-12 21:02:52
DraftKings Pick6,player_points_rebounds_assists,Evan Mobley,Over,25.5,-137,2026-05-14,2026-05-13T04:02:09Z,2026-05-12 21:02:52
DraftKings Pick6,player_points_rebounds_assists,Evan Mobley,Under,25.5,-137,2026-05-14,2026-05-13T04:02:09Z,2026-05-12 21:02:52
PrizePicks,player_points_rebounds,Cade Cunningham,Over,32.5,-137,2026-05-14,2026-05-13T04:02:39Z,2026-05-12 21:02:52
PrizePicks,player_points_rebounds,Cade Cunningham,Under,32.5,-137,2026-05-14,2026-05-13T04:02:39Z,2026-05-12 21:02:52
PrizePicks,player_points_rebounds,Donovan Mitchell,Over,31.5,-137,2026-05-14,2026-05-13T04:02:39Z,2026-05-12 21:02:52
PrizePicks,player_points_rebounds,Donovan Mitchell,Under,31.5,-137,2026-05-14,2026-05-13T04:02:39Z,2026-05-12 21:02:52
PrizePicks,player_points_rebounds,Tobias Harris,Over,25.5,-137,2026-05-14,2026-05-13T04:02:39Z,2026-05-12 21:02:52
PrizePicks,player_points_rebounds,Tobias Harris,Under,25.5,-137,2026-05-14,2026-05-13T04:02:39Z,2026-05-12 21:02:52
PrizePicks,player_points_rebounds,James Harden,Over,23.5,-137,2026-05-14,2026-05-13T04:02:39Z,2026-05-12 21:02:52
PrizePicks,player_points_rebounds,James Harden,Under,23.5,-137,2026-05-14,2026-05-13T04:02:39Z,2026-05-12 21:02:52
PrizePicks,player_points_rebounds,Evan Mobley,Over,22.5,-137,2026-05-14,2026-05-13T04:02:39Z,2026-05-12 21:02:52
PrizePicks,player_points_rebounds,Evan Mobley,Under,22.5,-137,2026-05-14,2026-05-13T04:02:39Z,2026-05-12 21:02:52
PrizePicks,player_points_rebounds,Jalen Duren,Over,21.5,-137,2026-05-14,2026-05-13T04:02:39Z,2026-05-12 21:02:52
PrizePicks,player_points_rebounds,Jalen Duren,Under,21.5,-137,2026-05-14,2026-05-13T04:02:39Z,2026-05-12 21:02:52
PrizePicks,player_points_rebounds,Jarrett Allen,Over,19.0,-137,2026-05-14,2026-05-13T04:02:39Z,2026-05-12 21:02:52
PrizePicks,player_points_rebounds,Jarrett Allen,Under,19.0,-137,2026-05-14,2026-05-13T04:02:39Z,2026-05-12 21:02:52
PrizePicks,player_points_rebounds,Ausar Thompson,Over,16.0,-137,2026-05-14,2026-05-13T04:02:39Z,2026-05-12 21:02:52
PrizePicks,player_points_rebounds,Ausar Thompson,Under,16.0,-137,2026-05-14,2026-05-13T04:02:39Z,2026-05-12 21:02:52
PrizePicks,player_points_rebounds,Duncan Robinson,Over,14.5,-137,2026-05-14,2026-05-13T04:02:39Z,2026-05-12 21:02:52
PrizePicks,player_points_rebounds,Duncan Robinson,Under,14.5,-137,2026-05-14,2026-05-13T04:02:39Z,2026-05-12 21:02:52
PrizePicks,player_points_rebounds,Max Strus,Over,12.0,-137,2026-05-14,2026-05-13T04:02:39Z,2026-05-12 21:02:52
PrizePicks,player_points_rebounds,Max Strus,Under,12.0,-137,2026-05-14,2026-05-13T04:02:39Z,2026-05-12 21:02:52
PrizePicks,player_points_rebounds,Daniss Jenkins,Over,11.5,-137,2026-05-14,2026-05-13T04:02:39Z,2026-05-12 21:02:52
PrizePicks,player_points_rebounds,Daniss Jenkins,Under,11.5,-137,2026-05-14,2026-05-13T04:02:39Z,2026-05-12 21:02:52
PrizePicks,player_points_rebounds,Dean Wade,Over,6.5,-137,2026-05-14,2026-05-13T04:02:39Z,2026-05-12 21:02:52
PrizePicks,player_points_rebounds,Dean Wade,Under,6.5,-137,2026-05-14,2026-05-13T04:02:39Z,2026-05-12 21:02:52
PrizePicks,player_points_rebounds,Victor Wembanyama,Over,40.5,-137,2026-05-16,2026-05-13T04:02:31Z,2026-05-12 21:02:52
PrizePicks,player_points_rebounds,Victor Wembanyama,Under,40.5,-137,2026-05-16,2026-05-13T04:02:31Z,2026-05-12 21:02:52
PrizePicks,player_points_rebounds,Anthony Edwards,Over,31.5,-137,2026-05-16,2026-05-13T04:02:31Z,2026-05-12 21:02:52
PrizePicks,player_points_rebounds,Anthony Edwards,Under,31.5,-137,2026-05-16,2026-05-13T04:02:31Z,2026-05-12 21:02:52
PrizePicks,player_points_rebounds,Julius Randle,Over,22.5,-137,2026-05-16,2026-05-13T04:02:31Z,2026-05-12 21:02:52
PrizePicks,player_points_rebounds,Julius Randle,Under,22.5,-137,2026-05-16,2026-05-13T04:02:31Z,2026-05-12 21:02:52
PrizePicks,player_points_rebounds,Stephon Castle,Over,22.5,-137,2026-05-16,2026-05-13T04:02:31Z,2026-05-12 21:02:52
PrizePicks,player_points_rebounds,Stephon Castle,Under,22.5,-137,2026-05-16,2026-05-13T04:02:31Z,2026-05-12 21:02:52
PrizePicks,player_points_rebounds,De'Aaron Fox,Over,20.5,-137,2026-05-16,2026-05-13T04:02:31Z,2026-05-12 21:02:52
PrizePicks,player_points_rebounds,De'Aaron Fox,Under,20.5,-137,2026-05-16,2026-05-13T04:02:31Z,2026-05-12 21:02:52
PrizePicks,player_points_rebounds,Jaden McDaniels,Over,20.5,-137,2026-05-16,2026-05-13T04:02:31Z,2026-05-12 21:02:52
PrizePicks,player_points_rebounds,Jaden McDaniels,Under,20.5,-137,2026-05-16,2026-05-13T04:02:31Z,2026-05-12 21:02:52
PrizePicks,player_points_rebounds,Naz Reid,Over,19.5,-137,2026-05-16,2026-05-13T04:02:31Z,2026-05-12 21:02:52
PrizePicks,player_points_rebounds,Naz Reid,Under,19.5,-137,2026-05-16,2026-05-13T04:02:31Z,2026-05-12 21:02:52
PrizePicks,player_points_rebounds,Ayo Dosunmu,Over,16.5,-137,2026-05-16,2026-05-13T04:02:31Z,2026-05-12 21:02:52
PrizePicks,player_points_rebounds,Ayo Dosunmu,Under,16.5,-137,2026-05-16,2026-05-13T04:02:31Z,2026-05-12 21:02:52
PrizePicks,player_points_rebounds,Devin Vassell,Over,16.5,-137,2026-05-16,2026-05-13T04:02:31Z,2026-05-12 21:02:52
PrizePicks,player_points_rebounds,Devin Vassell,Under,16.5,-137,2026-05-16,2026-05-13T04:02:31Z,2026-05-12 21:02:52
PrizePicks,player_points_rebounds,Rudy Gobert,Over,15.5,-137,2026-05-16,2026-05-13T04:02:31Z,2026-05-12 21:02:52
PrizePicks,player_points_rebounds,Rudy Gobert,Under,15.5,-137,2026-05-16,2026-05-13T04:02:31Z,2026-05-12 21:02:52
PrizePicks,player_points_rebounds,Julian Champagnie,Over,14.5,-137,2026-05-16,2026-05-13T04:02:31Z,2026-05-12 21:02:52
PrizePicks,player_points_rebounds,Julian Champagnie,Under,14.5,-137,2026-05-16,2026-05-13T04:02:31Z,2026-05-12 21:02:52
PrizePicks,player_points_rebounds,Dylan Harper,Over,14.5,-137,2026-05-16,2026-05-13T04:02:31Z,2026-05-12 21:02:52
PrizePicks,player_points_rebounds,Dylan Harper,Under,14.5,-137,2026-05-16,2026-05-13T04:02:31Z,2026-05-12 21:02:52
PrizePicks,player_points_rebounds,Keldon Johnson,Over,12.5,-137,2026-05-16,2026-05-13T04:02:31Z,2026-05-12 21:02:52
PrizePicks,player_points_rebounds,Keldon Johnson,Under,12.5,-137,2026-05-16,2026-05-13T04:02:31Z,2026-05-12 21:02:52
PrizePicks,player_points_rebounds,Terrence Shannon Jr.,Over,8.5,-137,2026-05-16,2026-05-13T04:02:31Z,2026-05-12 21:02:52
PrizePicks,player_points_rebounds,Terrence Shannon Jr.,Under,8.5,-137,2026-05-16,2026-05-13T04:02:31Z,2026-05-12 21:02:52
Underdog,player_points_rebounds,Donovan Mitchell,Over,31.5,-137,2026-05-14,2026-05-13T04:02:34Z,2026-05-12 21:02:52
Underdog,player_points_rebounds,Donovan Mitchell,Under,31.5,-137,2026-05-14,2026-05-13T04:02:34Z,2026-05-12 21:02:52
Underdog,player_points_rebounds,Cade Cunningham,Over,32.5,-137,2026-05-14,2026-05-13T04:02:34Z,2026-05-12 21:02:52
Underdog,player_points_rebounds,Cade Cunningham,Under,32.5,-137,2026-05-14,2026-05-13T04:02:34Z,2026-05-12 21:02:52
Underdog,player_points_rebounds,James Harden,Over,23.5,-137,2026-05-14,2026-05-13T04:02:34Z,2026-05-12 21:02:52
Underdog,player_points_rebounds,James Harden,Under,23.5,-137,2026-05-14,2026-05-13T04:02:34Z,2026-05-12 21:02:52
Underdog,player_points_rebounds,Evan Mobley,Over,22.5,-137,2026-05-14,2026-05-13T04:02:34Z,2026-05-12 21:02:52
Underdog,player_points_rebounds,Evan Mobley,Under,22.5,-137,2026-05-14,2026-05-13T04:02:34Z,2026-05-12 21:02:52
Underdog,player_points_rebounds,Jalen Duren,Over,21.5,-137,2026-05-14,2026-05-13T04:02:34Z,2026-05-12 21:02:52
Underdog,player_points_rebounds,Jalen Duren,Under,21.5,-137,2026-05-14,2026-05-13T04:02:34Z,2026-05-12 21:02:52
Betr DFS,player_points_rebounds,Max Strus,Over,12.5,-137,2026-05-14,2026-05-13T04:02:02Z,2026-05-12 21:02:52
Betr DFS,player_points_rebounds,Max Strus,Under,12.5,-137,2026-05-14,2026-05-13T04:02:02Z,2026-05-12 21:02:52
Betr DFS,player_points_rebounds,James Harden,Over,23.5,-137,2026-05-14,2026-05-13T04:02:02Z,2026-05-12 21:02:52
Betr DFS,player_points_rebounds,James Harden,Under,23.5,-137,2026-05-14,2026-05-13T04:02:02Z,2026-05-12 21:02:52
Betr DFS,player_points_rebounds,Jarrett Allen,Over,18.5,-137,2026-05-14,2026-05-13T04:02:02Z,2026-05-12 21:02:52
Betr DFS,player_points_rebounds,Jarrett Allen,Under,18.5,-137,2026-05-14,2026-05-13T04:02:02Z,2026-05-12 21:02:52
Betr DFS,player_points_rebounds,Donovan Mitchell,Over,31.5,-137,2026-05-14,2026-05-13T04:02:02Z,2026-05-12 21:02:52
Betr DFS,player_points_rebounds,Donovan Mitchell,Under,31.5,-137,2026-05-14,2026-05-13T04:02:02Z,2026-05-12 21:02:52
Betr DFS,player_points_rebounds,Evan Mobley,Over,22.5,-137,2026-05-14,2026-05-13T04:02:02Z,2026-05-12 21:02:52
Betr DFS,player_points_rebounds,Evan Mobley,Under,22.5,-137,2026-05-14,2026-05-13T04:02:02Z,2026-05-12 21:02:52
Betr DFS,player_points_rebounds,Duncan Robinson,Over,14.5,-137,2026-05-14,2026-05-13T04:02:02Z,2026-05-12 21:02:52
Betr DFS,player_points_rebounds,Duncan Robinson,Under,14.5,-137,2026-05-14,2026-05-13T04:02:02Z,2026-05-12 21:02:52
Betr DFS,player_points_rebounds,Tobias Harris,Over,25.5,-137,2026-05-14,2026-05-13T04:02:02Z,2026-05-12 21:02:52
Betr DFS,player_points_rebounds,Tobias Harris,Under,25.5,-137,2026-05-14,2026-05-13T04:02:02Z,2026-05-12 21:02:52
Betr DFS,player_points_rebounds,Cade Cunningham,Over,32.5,-137,2026-05-14,2026-05-13T04:02:02Z,2026-05-12 21:02:52
Betr DFS,player_points_rebounds,Cade Cunningham,Under,32.5,-137,2026-05-14,2026-05-13T04:02:02Z,2026-05-12 21:02:52
Betr DFS,player_points_rebounds,Jalen Duren,Over,22.5,-137,2026-05-14,2026-05-13T04:02:02Z,2026-05-12 21:02:52
Betr DFS,player_points_rebounds,Jalen Duren,Under,22.5,-137,2026-05-14,2026-05-13T04:02:02Z,2026-05-12 21:02:52
Betr DFS,player_points_rebounds,Ausar Thompson,Over,16.5,-137,2026-05-14,2026-05-13T04:02:02Z,2026-05-12 21:02:52
Betr DFS,player_points_rebounds,Ausar Thompson,Under,16.5,-137,2026-05-14,2026-05-13T04:02:02Z,2026-05-12 21:02:52
Betr DFS,player_points_rebounds,Daniss Jenkins,Over,11.5,-137,2026-05-14,2026-05-13T04:02:02Z,2026-05-12 21:02:52
Betr DFS,player_points_rebounds,Daniss Jenkins,Under,11.5,-137,2026-05-14,2026-05-13T04:02:02Z,2026-05-12 21:02:52
Betr DFS,player_points_rebounds,Keldon Johnson,Over,12.5,-137,2026-05-16,2026-05-13T04:01:59Z,2026-05-12 21:02:52
Betr DFS,player_points_rebounds,Keldon Johnson,Under,12.5,-137,2026-05-16,2026-05-13T04:01:59Z,2026-05-12 21:02:52
Betr DFS,player_points_rebounds,Devin Vassell,Over,16.5,-137,2026-05-16,2026-05-13T04:01:59Z,2026-05-12 21:02:52
Betr DFS,player_points_rebounds,Devin Vassell,Under,16.5,-137,2026-05-16,2026-05-13T04:01:59Z,2026-05-12 21:02:52
Betr DFS,player_points_rebounds,Julian Champagnie,Over,14.5,-137,2026-05-16,2026-05-13T04:01:59Z,2026-05-12 21:02:52
Betr DFS,player_points_rebounds,Julian Champagnie,Under,14.5,-137,2026-05-16,2026-05-13T04:01:59Z,2026-05-12 21:02:52
Betr DFS,player_points_rebounds,De'Aaron Fox,Over,19.5,-137,2026-05-16,2026-05-13T04:01:59Z,2026-05-12 21:02:52
Betr DFS,player_points_rebounds,De'Aaron Fox,Under,19.5,-137,2026-05-16,2026-05-13T04:01:59Z,2026-05-12 21:02:52
Betr DFS,player_points_rebounds,Victor Wembanyama,Over,40.5,-137,2026-05-16,2026-05-13T04:01:59Z,2026-05-12 21:02:52
Betr DFS,player_points_rebounds,Victor Wembanyama,Under,40.5,-137,2026-05-16,2026-05-13T04:01:59Z,2026-05-12 21:02:52
Betr DFS,player_points_rebounds,Stephon Castle,Over,21.5,-137,2026-05-16,2026-05-13T04:01:59Z,2026-05-12 21:02:52
Betr DFS,player_points_rebounds,Stephon Castle,Under,21.5,-137,2026-05-16,2026-05-13T04:01:59Z,2026-05-12 21:02:52
Betr DFS,player_points_rebounds,Dylan Harper,Over,14.5,-137,2026-05-16,2026-05-13T04:01:59Z,2026-05-12 21:02:52
Betr DFS,player_points_rebounds,Dylan Harper,Under,14.5,-137,2026-05-16,2026-05-13T04:01:59Z,2026-05-12 21:02:52
Betr DFS,player_points_rebounds,Julius Randle,Over,23.5,-137,2026-05-16,2026-05-13T04:01:59Z,2026-05-12 21:02:52
Betr DFS,player_points_rebounds,Julius Randle,Under,23.5,-137,2026-05-16,2026-05-13T04:01:59Z,2026-05-12 21:02:52
Betr DFS,player_points_rebounds,Ayo Dosunmu,Over,16.5,-137,2026-05-16,2026-05-13T04:01:59Z,2026-05-12 21:02:52
Betr DFS,player_points_rebounds,Ayo Dosunmu,Under,16.5,-137,2026-05-16,2026-05-13T04:01:59Z,2026-05-12 21:02:52
Betr DFS,player_points_rebounds,Rudy Gobert,Over,15.5,-137,2026-05-16,2026-05-13T04:01:59Z,2026-05-12 21:02:52
Betr DFS,player_points_rebounds,Rudy Gobert,Under,15.5,-137,2026-05-16,2026-05-13T04:01:59Z,2026-05-12 21:02:52
Betr DFS,player_points_rebounds,Naz Reid,Over,19.5,-137,2026-05-16,2026-05-13T04:01:59Z,2026-05-12 21:02:52
Betr DFS,player_points_rebounds,Naz Reid,Under,19.5,-137,2026-05-16,2026-05-13T04:01:59Z,2026-05-12 21:02:52
Betr DFS,player_points_rebounds,Anthony Edwards,Over,31.5,-137,2026-05-16,2026-05-13T04:01:59Z,2026-05-12 21:02:52
Betr DFS,player_points_rebounds,Anthony Edwards,Under,31.5,-137,2026-05-16,2026-05-13T04:01:59Z,2026-05-12 21:02:52
Betr DFS,player_points_rebounds,Jaden McDaniels,Over,20.5,-137,2026-05-16,2026-05-13T04:01:59Z,2026-05-12 21:02:52
Betr DFS,player_points_rebounds,Jaden McDaniels,Under,20.5,-137,2026-05-16,2026-05-13T04:01:59Z,2026-05-12 21:02:52
DraftKings Pick6,player_points_rebounds,Donovan Mitchell,Over,31.5,-137,2026-05-14,2026-05-13T04:02:09Z,2026-05-12 21:02:52
DraftKings Pick6,player_points_rebounds,Donovan Mitchell,Under,31.5,-137,2026-05-14,2026-05-13T04:02:09Z,2026-05-12 21:02:52
DraftKings Pick6,player_points_rebounds,Cade Cunningham,Over,32.5,-137,2026-05-14,2026-05-13T04:02:09Z,2026-05-12 21:02:52
DraftKings Pick6,player_points_rebounds,Cade Cunningham,Under,32.5,-137,2026-05-14,2026-05-13T04:02:09Z,2026-05-12 21:02:52
DraftKings Pick6,player_points_rebounds,Max Strus,Over,12.5,-137,2026-05-14,2026-05-13T04:02:09Z,2026-05-12 21:02:52
DraftKings Pick6,player_points_rebounds,Duncan Robinson,Over,14.5,-137,2026-05-14,2026-05-13T04:02:09Z,2026-05-12 21:02:52
DraftKings Pick6,player_points_rebounds,Duncan Robinson,Under,14.5,-137,2026-05-14,2026-05-13T04:02:09Z,2026-05-12 21:02:52
DraftKings Pick6,player_points_rebounds,Ausar Thompson,Over,16.5,-137,2026-05-14,2026-05-13T04:02:09Z,2026-05-12 21:02:52
DraftKings Pick6,player_points_rebounds,Ausar Thompson,Under,16.5,-137,2026-05-14,2026-05-13T04:02:09Z,2026-05-12 21:02:52
DraftKings Pick6,player_points_rebounds,Jarrett Allen,Over,18.5,-137,2026-05-14,2026-05-13T04:02:09Z,2026-05-12 21:02:52
DraftKings Pick6,player_points_rebounds,Jarrett Allen,Under,18.5,-137,2026-05-14,2026-05-13T04:02:09Z,2026-05-12 21:02:52
DraftKings Pick6,player_points_rebounds,Evan Mobley,Over,22.5,-137,2026-05-14,2026-05-13T04:02:09Z,2026-05-12 21:02:52
DraftKings Pick6,player_points_rebounds,Evan Mobley,Under,22.5,-137,2026-05-14,2026-05-13T04:02:09Z,2026-05-12 21:02:52
PrizePicks,player_points_assists,Cade Cunningham,Over,36.5,-137,2026-05-14,2026-05-13T04:02:39Z,2026-05-12 21:02:52
PrizePicks,player_points_assists,Cade Cunningham,Under,36.5,-137,2026-05-14,2026-05-13T04:02:39Z,2026-05-12 21:02:52
PrizePicks,player_points_assists,Donovan Mitchell,Over,30.5,-137,2026-05-14,2026-05-13T04:02:39Z,2026-05-12 21:02:52
PrizePicks,player_points_assists,Donovan Mitchell,Under,30.5,-137,2026-05-14,2026-05-13T04:02:39Z,2026-05-12 21:02:52
PrizePicks,player_points_assists,James Harden,Over,25.5,-137,2026-05-14,2026-05-13T04:02:39Z,2026-05-12 21:02:52
PrizePicks,player_points_assists,James Harden,Under,25.5,-137,2026-05-14,2026-05-13T04:02:39Z,2026-05-12 21:02:52
PrizePicks,player_points_assists,Tobias Harris,Over,20.5,-137,2026-05-14,2026-05-13T04:02:39Z,2026-05-12 21:02:52
PrizePicks,player_points_assists,Tobias Harris,Under,20.5,-137,2026-05-14,2026-05-13T04:02:39Z,2026-05-12 21:02:52
PrizePicks,player_points_assists,Evan Mobley,Over,18.5,-137,2026-05-14,2026-05-13T04:02:39Z,2026-05-12 21:02:52
PrizePicks,player_points_assists,Evan Mobley,Under,18.5,-137,2026-05-14,2026-05-13T04:02:39Z,2026-05-12 21:02:52
PrizePicks,player_points_assists,Jalen Duren,Over,14.0,-137,2026-05-14,2026-05-13T04:02:39Z,2026-05-12 21:02:52
PrizePicks,player_points_assists,Jalen Duren,Under,14.0,-137,2026-05-14,2026-05-13T04:02:39Z,2026-05-12 21:02:52
PrizePicks,player_points_assists,Duncan Robinson,Over,13.5,-137,2026-05-14,2026-05-13T04:02:39Z,2026-05-12 21:02:52
PrizePicks,player_points_assists,Duncan Robinson,Under,13.5,-137,2026-05-14,2026-05-13T04:02:39Z,2026-05-12 21:02:52
PrizePicks,player_points_assists,Jarrett Allen,Over,12.5,-137,2026-05-14,2026-05-13T04:02:39Z,2026-05-12 21:02:52
PrizePicks,player_points_assists,Jarrett Allen,Under,12.5,-137,2026-05-14,2026-05-13T04:02:39Z,2026-05-12 21:02:52
PrizePicks,player_points_assists,Daniss Jenkins,Over,11.5,-137,2026-05-14,2026-05-13T04:02:39Z,2026-05-12 21:02:52
PrizePicks,player_points_assists,Daniss Jenkins,Under,11.5,-137,2026-05-14,2026-05-13T04:02:39Z,2026-05-12 21:02:52
PrizePicks,player_points_assists,Dennis Schroder,Over,9.5,-137,2026-05-14,2026-05-13T04:02:39Z,2026-05-12 21:02:52
PrizePicks,player_points_assists,Dennis Schroder,Under,9.5,-137,2026-05-14,2026-05-13T04:02:39Z,2026-05-12 21:02:52
PrizePicks,player_points_assists,Caris LeVert,Over,9.5,-137,2026-05-14,2026-05-13T04:02:39Z,2026-05-12 21:02:52
PrizePicks,player_points_assists,Caris LeVert,Under,9.5,-137,2026-05-14,2026-05-13T04:02:39Z,2026-05-12 21:02:52
PrizePicks,player_points_assists,Dean Wade,Over,4.5,-137,2026-05-14,2026-05-13T04:02:39Z,2026-05-12 21:02:52
PrizePicks,player_points_assists,Dean Wade,Under,4.5,-137,2026-05-14,2026-05-13T04:02:39Z,2026-05-12 21:02:52
PrizePicks,player_points_assists,Victor Wembanyama,Over,30.5,-137,2026-05-16,2026-05-13T04:02:31Z,2026-05-12 21:02:52
PrizePicks,player_points_assists,Victor Wembanyama,Under,30.5,-137,2026-05-16,2026-05-13T04:02:31Z,2026-05-12 21:02:52
PrizePicks,player_points_assists,Anthony Edwards,Over,30.5,-137,2026-05-16,2026-05-13T04:02:31Z,2026-05-12 21:02:52
PrizePicks,player_points_assists,Anthony Edwards,Under,30.5,-137,2026-05-16,2026-05-13T04:02:31Z,2026-05-12 21:02:52
PrizePicks,player_points_assists,Stephon Castle,Over,23.5,-137,2026-05-16,2026-05-13T04:02:31Z,2026-05-12 21:02:52
PrizePicks,player_points_assists,Stephon Castle,Under,23.5,-137,2026-05-16,2026-05-13T04:02:31Z,2026-05-12 21:02:52
PrizePicks,player_points_assists,De'Aaron Fox,Over,22.5,-137,2026-05-16,2026-05-13T04:02:31Z,2026-05-12 21:02:52
PrizePicks,player_points_assists,De'Aaron Fox,Under,22.5,-137,2026-05-16,2026-05-13T04:02:31Z,2026-05-12 21:02:52
PrizePicks,player_points_assists,Julius Randle,Over,20.5,-137,2026-05-16,2026-05-13T04:02:31Z,2026-05-12 21:02:52
PrizePicks,player_points_assists,Julius Randle,Under,20.5,-137,2026-05-16,2026-05-13T04:02:31Z,2026-05-12 21:02:52
PrizePicks,player_points_assists,Jaden McDaniels,Over,18.5,-137,2026-05-16,2026-05-13T04:02:31Z,2026-05-12 21:02:52
PrizePicks,player_points_assists,Jaden McDaniels,Under,18.5,-137,2026-05-16,2026-05-13T04:02:31Z,2026-05-12 21:02:52
PrizePicks,player_points_assists,Ayo Dosunmu,Over,17.5,-137,2026-05-16,2026-05-13T04:02:31Z,2026-05-12 21:02:52
PrizePicks,player_points_assists,Ayo Dosunmu,Under,17.5,-137,2026-05-16,2026-05-13T04:02:31Z,2026-05-12 21:02:52
PrizePicks,player_points_assists,Devin Vassell,Over,15.5,-137,2026-05-16,2026-05-13T04:02:31Z,2026-05-12 21:02:52
PrizePicks,player_points_assists,Devin Vassell,Under,15.5,-137,2026-05-16,2026-05-13T04:02:31Z,2026-05-12 21:02:52
PrizePicks,player_points_assists,Dylan Harper,Over,14.5,-137,2026-05-16,2026-05-13T04:02:31Z,2026-05-12 21:02:52
PrizePicks,player_points_assists,Dylan Harper,Under,14.5,-137,2026-05-16,2026-05-13T04:02:31Z,2026-05-12 21:02:52
PrizePicks,player_points_assists,Naz Reid,Over,14.5,-137,2026-05-16,2026-05-13T04:02:31Z,2026-05-12 21:02:52
PrizePicks,player_points_assists,Naz Reid,Under,14.5,-137,2026-05-16,2026-05-13T04:02:31Z,2026-05-12 21:02:52
PrizePicks,player_points_assists,Julian Champagnie,Over,10.5,-137,2026-05-16,2026-05-13T04:02:31Z,2026-05-12 21:02:52
PrizePicks,player_points_assists,Julian Champagnie,Under,10.5,-137,2026-05-16,2026-05-13T04:02:31Z,2026-05-12 21:02:52
PrizePicks,player_points_assists,Terrence Shannon Jr.,Over,8.5,-137,2026-05-16,2026-05-13T04:02:31Z,2026-05-12 21:02:52
PrizePicks,player_points_assists,Terrence Shannon Jr.,Under,8.5,-137,2026-05-16,2026-05-13T04:02:31Z,2026-05-12 21:02:52
Underdog,player_points_assists,Donovan Mitchell,Over,30.5,-137,2026-05-14,2026-05-13T04:02:34Z,2026-05-12 21:02:52
Underdog,player_points_assists,Donovan Mitchell,Under,30.5,-137,2026-05-14,2026-05-13T04:02:34Z,2026-05-12 21:02:52
Underdog,player_points_assists,James Harden,Over,26.5,-137,2026-05-14,2026-05-13T04:02:34Z,2026-05-12 21:02:52
Underdog,player_points_assists,James Harden,Under,26.5,-137,2026-05-14,2026-05-13T04:02:34Z,2026-05-12 21:02:52
Underdog,player_points_assists,Tobias Harris,Over,20.5,-137,2026-05-14,2026-05-13T04:02:34Z,2026-05-12 21:02:52
Underdog,player_points_assists,Tobias Harris,Under,20.5,-137,2026-05-14,2026-05-13T04:02:34Z,2026-05-12 21:02:52
Betr DFS,player_points_assists,Max Strus,Over,10.5,-137,2026-05-14,2026-05-13T04:02:02Z,2026-05-12 21:02:52
Betr DFS,player_points_assists,Max Strus,Under,10.5,-137,2026-05-14,2026-05-13T04:02:02Z,2026-05-12 21:02:52
Betr DFS,player_points_assists,James Harden,Over,25.5,-137,2026-05-14,2026-05-13T04:02:02Z,2026-05-12 21:02:52
Betr DFS,player_points_assists,James Harden,Under,25.5,-137,2026-05-14,2026-05-13T04:02:02Z,2026-05-12 21:02:52
Betr DFS,player_points_assists,Jarrett Allen,Over,13.5,-137,2026-05-14,2026-05-13T04:02:02Z,2026-05-12 21:02:52
Betr DFS,player_points_assists,Jarrett Allen,Under,13.5,-137,2026-05-14,2026-05-13T04:02:02Z,2026-05-12 21:02:52
Betr DFS,player_points_assists,Donovan Mitchell,Over,30.5,-137,2026-05-14,2026-05-13T04:02:02Z,2026-05-12 21:02:52
Betr DFS,player_points_assists,Donovan Mitchell,Under,30.5,-137,2026-05-14,2026-05-13T04:02:02Z,2026-05-12 21:02:52
Betr DFS,player_points_assists,Evan Mobley,Over,18.5,-137,2026-05-14,2026-05-13T04:02:02Z,2026-05-12 21:02:52
Betr DFS,player_points_assists,Evan Mobley,Under,18.5,-137,2026-05-14,2026-05-13T04:02:02Z,2026-05-12 21:02:52
Betr DFS,player_points_assists,Duncan Robinson,Over,13.5,-137,2026-05-14,2026-05-13T04:02:02Z,2026-05-12 21:02:52
Betr DFS,player_points_assists,Duncan Robinson,Under,13.5,-137,2026-05-14,2026-05-13T04:02:02Z,2026-05-12 21:02:52
Betr DFS,player_points_assists,Tobias Harris,Over,20.5,-137,2026-05-14,2026-05-13T04:02:02Z,2026-05-12 21:02:52
Betr DFS,player_points_assists,Tobias Harris,Under,20.5,-137,2026-05-14,2026-05-13T04:02:02Z,2026-05-12 21:02:52
Betr DFS,player_points_assists,Cade Cunningham,Over,36.5,-137,2026-05-14,2026-05-13T04:02:02Z,2026-05-12 21:02:52
Betr DFS,player_points_assists,Cade Cunningham,Under,36.5,-137,2026-05-14,2026-05-13T04:02:02Z,2026-05-12 21:02:52
Betr DFS,player_points_assists,Jalen Duren,Over,14.5,-137,2026-05-14,2026-05-13T04:02:02Z,2026-05-12 21:02:52
Betr DFS,player_points_assists,Jalen Duren,Under,14.5,-137,2026-05-14,2026-05-13T04:02:02Z,2026-05-12 21:02:52
Betr DFS,player_points_assists,Ausar Thompson,Over,12.5,-137,2026-05-14,2026-05-13T04:02:02Z,2026-05-12 21:02:52
Betr DFS,player_points_assists,Ausar Thompson,Under,12.5,-137,2026-05-14,2026-05-13T04:02:02Z,2026-05-12 21:02:52
Betr DFS,player_points_assists,Daniss Jenkins,Over,11.5,-137,2026-05-14,2026-05-13T04:02:02Z,2026-05-12 21:02:52
Betr DFS,player_points_assists,Daniss Jenkins,Under,11.5,-137,2026-05-14,2026-05-13T04:02:02Z,2026-05-12 21:02:52
Betr DFS,player_points_assists,Devin Vassell,Over,14.5,-137,2026-05-16,2026-05-13T04:01:59Z,2026-05-12 21:02:52
Betr DFS,player_points_assists,Devin Vassell,Under,14.5,-137,2026-05-16,2026-05-13T04:01:59Z,2026-05-12 21:02:52
Betr DFS,player_points_assists,Julian Champagnie,Over,10.5,-137,2026-05-16,2026-05-13T04:01:59Z,2026-05-12 21:02:52
Betr DFS,player_points_assists,Julian Champagnie,Under,10.5,-137,2026-05-16,2026-05-13T04:01:59Z,2026-05-12 21:02:52
Betr DFS,player_points_assists,De'Aaron Fox,Over,22.5,-137,2026-05-16,2026-05-13T04:01:59Z,2026-05-12 21:02:52
Betr DFS,player_points_assists,De'Aaron Fox,Under,22.5,-137,2026-05-16,2026-05-13T04:01:59Z,2026-05-12 21:02:52
Betr DFS,player_points_assists,Victor Wembanyama,Over,30.5,-137,2026-05-16,2026-05-13T04:01:59Z,2026-05-12 21:02:52
Betr DFS,player_points_assists,Victor Wembanyama,Under,30.5,-137,2026-05-16,2026-05-13T04:01:59Z,2026-05-12 21:02:52
Betr DFS,player_points_assists,Stephon Castle,Over,23.5,-137,2026-05-16,2026-05-13T04:01:59Z,2026-05-12 21:02:52
Betr DFS,player_points_assists,Stephon Castle,Under,23.5,-137,2026-05-16,2026-05-13T04:01:59Z,2026-05-12 21:02:52
Betr DFS,player_points_assists,Dylan Harper,Over,14.5,-137,2026-05-16,2026-05-13T04:01:59Z,2026-05-12 21:02:52
Betr DFS,player_points_assists,Dylan Harper,Under,14.5,-137,2026-05-16,2026-05-13T04:01:59Z,2026-05-12 21:02:52
Betr DFS,player_points_assists,Ayo Dosunmu,Over,16.5,-137,2026-05-16,2026-05-13T04:01:59Z,2026-05-12 21:02:52
Betr DFS,player_points_assists,Ayo Dosunmu,Under,16.5,-137,2026-05-16,2026-05-13T04:01:59Z,2026-05-12 21:02:52
Betr DFS,player_points_assists,Naz Reid,Over,14.5,-137,2026-05-16,2026-05-13T04:01:59Z,2026-05-12 21:02:52
Betr DFS,player_points_assists,Naz Reid,Under,14.5,-137,2026-05-16,2026-05-13T04:01:59Z,2026-05-12 21:02:52
Betr DFS,player_points_assists,Anthony Edwards,Over,30.5,-137,2026-05-16,2026-05-13T04:01:59Z,2026-05-12 21:02:52
Betr DFS,player_points_assists,Anthony Edwards,Under,30.5,-137,2026-05-16,2026-05-13T04:01:59Z,2026-05-12 21:02:52
Betr DFS,player_points_assists,Jaden McDaniels,Over,17.5,-137,2026-05-16,2026-05-13T04:01:59Z,2026-05-12 21:02:52
Betr DFS,player_points_assists,Jaden McDaniels,Under,17.5,-137,2026-05-16,2026-05-13T04:01:59Z,2026-05-12 21:02:52
DraftKings Pick6,player_points_assists,Donovan Mitchell,Over,30.5,-137,2026-05-14,2026-05-13T04:02:09Z,2026-05-12 21:02:52
DraftKings Pick6,player_points_assists,Donovan Mitchell,Under,30.5,-137,2026-05-14,2026-05-13T04:02:09Z,2026-05-12 21:02:52
DraftKings Pick6,player_points_assists,Cade Cunningham,Over,36.5,-137,2026-05-14,2026-05-13T04:02:09Z,2026-05-12 21:02:52
DraftKings Pick6,player_points_assists,Cade Cunningham,Under,36.5,-137,2026-05-14,2026-05-13T04:02:09Z,2026-05-12 21:02:52
DraftKings Pick6,player_points_assists,Daniss Jenkins,Over,11.5,-137,2026-05-14,2026-05-13T04:02:09Z,2026-05-12 21:02:52
DraftKings Pick6,player_points_assists,Daniss Jenkins,Under,11.5,-137,2026-05-14,2026-05-13T04:02:09Z,2026-05-12 21:02:52
DraftKings Pick6,player_points_assists,Ausar Thompson,Over,12.5,-137,2026-05-14,2026-05-13T04:02:09Z,2026-05-12 21:02:52
DraftKings Pick6,player_points_assists,Ausar Thompson,Under,12.5,-137,2026-05-14,2026-05-13T04:02:09Z,2026-05-12 21:02:52
DraftKings Pick6,player_points_assists,Jarrett Allen,Over,12.5,-137,2026-05-14,2026-05-13T04:02:09Z,2026-05-12 21:02:52
DraftKings Pick6,player_points_assists,Jarrett Allen,Under,12.5,-137,2026-05-14,2026-05-13T04:02:09Z,2026-05-12 21:02:52
DraftKings Pick6,player_points_assists,Duncan Robinson,Over,14.5,-137,2026-05-14,2026-05-13T04:02:09Z,2026-05-12 21:02:52
DraftKings Pick6,player_points_assists,Jalen Duren,Over,14.5,-137,2026-05-14,2026-05-13T04:02:09Z,2026-05-12 21:02:52
DraftKings Pick6,player_points_assists,Jalen Duren,Under,14.5,-137,2026-05-14,2026-05-13T04:02:09Z,2026-05-12 21:02:52
DraftKings Pick6,player_points_assists,Max Strus,Over,10.5,-137,2026-05-14,2026-05-13T04:02:09Z,2026-05-12 21:02:52
DraftKings Pick6,player_points_assists,Evan Mobley,Over,17.5,-137,2026-05-14,2026-05-13T04:02:09Z,2026-05-12 21:02:52
DraftKings Pick6,player_points_assists,Evan Mobley,Under,17.5,-137,2026-05-14,2026-05-13T04:02:09Z,2026-05-12 21:02:52
DraftKings Pick6,player_points_assists,Tobias Harris,Over,20.5,-137,2026-05-14,2026-05-13T04:02:09Z,2026-05-12 21:02:52
DraftKings Pick6,player_points_assists,Tobias Harris,Under,20.5,-137,2026-05-14,2026-05-13T04:02:09Z,2026-05-12 21:02:52
PrizePicks,player_rebounds_assists,Cade Cunningham,Over,14.5,-137,2026-05-14,2026-05-13T04:02:39Z,2026-05-12 21:02:52
PrizePicks,player_rebounds_assists,Cade Cunningham,Under,14.5,-137,2026-05-14,2026-05-13T04:02:39Z,2026-05-12 21:02:52
PrizePicks,player_rebounds_assists,James Harden,Over,11.5,-137,2026-05-14,2026-05-13T04:02:39Z,2026-05-12 21:02:52
PrizePicks,player_rebounds_assists,James Harden,Under,11.5,-137,2026-05-14,2026-05-13T04:02:39Z,2026-05-12 21:02:52
PrizePicks,player_rebounds_assists,Duncan Robinson,Over,4.5,-137,2026-05-14,2026-05-13T04:02:39Z,2026-05-12 21:02:52
PrizePicks,player_rebounds_assists,Duncan Robinson,Under,4.5,-137,2026-05-14,2026-05-13T04:02:39Z,2026-05-12 21:02:52
PrizePicks,player_rebounds_assists,Evan Mobley,Over,11.0,-137,2026-05-14,2026-05-13T04:02:39Z,2026-05-12 21:02:52
PrizePicks,player_rebounds_assists,Evan Mobley,Under,11.0,-137,2026-05-14,2026-05-13T04:02:39Z,2026-05-12 21:02:52
PrizePicks,player_rebounds_assists,Jalen Duren,Over,11.0,-137,2026-05-14,2026-05-13T04:02:39Z,2026-05-12 21:02:52
PrizePicks,player_rebounds_assists,Jalen Duren,Under,11.0,-137,2026-05-14,2026-05-13T04:02:39Z,2026-05-12 21:02:52
PrizePicks,player_rebounds_assists,Caris LeVert,Over,4.5,-137,2026-05-14,2026-05-13T04:02:39Z,2026-05-12 21:02:52
PrizePicks,player_rebounds_assists,Caris LeVert,Under,4.5,-137,2026-05-14,2026-05-13T04:02:39Z,2026-05-12 21:02:52
PrizePicks,player_rebounds_assists,Victor Wembanyama,Over,16.5,-137,2026-05-16,2026-05-13T04:02:31Z,2026-05-12 21:02:52
PrizePicks,player_rebounds_assists,Victor Wembanyama,Under,16.5,-137,2026-05-16,2026-05-13T04:02:31Z,2026-05-12 21:02:52
PrizePicks,player_rebounds_assists,Stephon Castle,Over,12.0,-137,2026-05-16,2026-05-13T04:02:31Z,2026-05-12 21:02:52
PrizePicks,player_rebounds_assists,Stephon Castle,Under,12.0,-137,2026-05-16,2026-05-13T04:02:31Z,2026-05-12 21:02:52
PrizePicks,player_rebounds_assists,Julius Randle,Over,10.5,-137,2026-05-16,2026-05-13T04:02:31Z,2026-05-12 21:02:52
PrizePicks,player_rebounds_assists,Julius Randle,Under,10.5,-137,2026-05-16,2026-05-13T04:02:31Z,2026-05-12 21:02:52
PrizePicks,player_rebounds_assists,Rudy Gobert,Over,10.5,-137,2026-05-16,2026-05-13T04:02:31Z,2026-05-12 21:02:52
PrizePicks,player_rebounds_assists,Rudy Gobert,Under,10.5,-137,2026-05-16,2026-05-13T04:02:31Z,2026-05-12 21:02:52
PrizePicks,player_rebounds_assists,Anthony Edwards,Over,10.0,-137,2026-05-16,2026-05-13T04:02:31Z,2026-05-12 21:02:52
PrizePicks,player_rebounds_assists,Anthony Edwards,Under,10.0,-137,2026-05-16,2026-05-13T04:02:31Z,2026-05-12 21:02:52
PrizePicks,player_rebounds_assists,Dylan Harper,Over,7.0,-137,2026-05-16,2026-05-13T04:02:31Z,2026-05-12 21:02:52
PrizePicks,player_rebounds_assists,Dylan Harper,Under,7.0,-137,2026-05-16,2026-05-13T04:02:31Z,2026-05-12 21:02:52
PrizePicks,player_rebounds_assists,Devin Vassell,Over,6.5,-137,2026-05-16,2026-05-13T04:02:31Z,2026-05-12 21:02:52
PrizePicks,player_rebounds_assists,Devin Vassell,Under,6.5,-137,2026-05-16,2026-05-13T04:02:31Z,2026-05-12 21:02:52
PrizePicks,player_rebounds_assists,Julian Champagnie,Over,6.5,-137,2026-05-16,2026-05-13T04:02:31Z,2026-05-12 21:02:52
PrizePicks,player_rebounds_assists,Julian Champagnie,Under,6.5,-137,2026-05-16,2026-05-13T04:02:31Z,2026-05-12 21:02:52
Underdog,player_rebounds_assists,Cade Cunningham,Over,14.5,-137,2026-05-14,2026-05-13T04:02:34Z,2026-05-12 21:02:52
Underdog,player_rebounds_assists,Cade Cunningham,Under,14.5,-137,2026-05-14,2026-05-13T04:02:34Z,2026-05-12 21:02:52
Underdog,player_rebounds_assists,James Harden,Over,11.5,-137,2026-05-14,2026-05-13T04:02:34Z,2026-05-12 21:02:52
Underdog,player_rebounds_assists,James Harden,Under,11.5,-137,2026-05-14,2026-05-13T04:02:34Z,2026-05-12 21:02:52
Betr DFS,player_rebounds_assists,James Harden,Over,11.5,-137,2026-05-14,2026-05-13T04:02:02Z,2026-05-12 21:02:52
Betr DFS,player_rebounds_assists,James Harden,Under,11.5,-137,2026-05-14,2026-05-13T04:02:02Z,2026-05-12 21:02:52
Betr DFS,player_rebounds_assists,Jarrett Allen,Over,8.5,-137,2026-05-14,2026-05-13T04:02:02Z,2026-05-12 21:02:52
Betr DFS,player_rebounds_assists,Jarrett Allen,Under,8.5,-137,2026-05-14,2026-05-13T04:02:02Z,2026-05-12 21:02:52
Betr DFS,player_rebounds_assists,Donovan Mitchell,Over,8.5,-137,2026-05-14,2026-05-13T04:02:02Z,2026-05-12 21:02:52
Betr DFS,player_rebounds_assists,Donovan Mitchell,Under,8.5,-137,2026-05-14,2026-05-13T04:02:02Z,2026-05-12 21:02:52
Betr DFS,player_rebounds_assists,Evan Mobley,Over,11.5,-137,2026-05-14,2026-05-13T04:02:02Z,2026-05-12 21:02:52
Betr DFS,player_rebounds_assists,Cade Cunningham,Over,14.5,-137,2026-05-14,2026-05-13T04:02:02Z,2026-05-12 21:02:52
Betr DFS,player_rebounds_assists,Cade Cunningham,Under,14.5,-137,2026-05-14,2026-05-13T04:02:02Z,2026-05-12 21:02:52
Betr DFS,player_rebounds_assists,Jalen Duren,Over,11.0,-137,2026-05-14,2026-05-13T04:02:02Z,2026-05-12 21:02:52
Betr DFS,player_rebounds_assists,Jalen Duren,Under,11.0,-137,2026-05-14,2026-05-13T04:02:02Z,2026-05-12 21:02:52
Betr DFS,player_rebounds_assists,Ausar Thompson,Over,10.5,-137,2026-05-14,2026-05-13T04:02:02Z,2026-05-12 21:02:52
Betr DFS,player_rebounds_assists,Devin Vassell,Over,6.5,-137,2026-05-16,2026-05-13T04:01:59Z,2026-05-12 21:02:52
Betr DFS,player_rebounds_assists,Devin Vassell,Under,6.5,-137,2026-05-16,2026-05-13T04:01:59Z,2026-05-12 21:02:52
Betr DFS,player_rebounds_assists,Julian Champagnie,Over,6.5,-137,2026-05-16,2026-05-13T04:01:59Z,2026-05-12 21:02:52
Betr DFS,player_rebounds_assists,Julian Champagnie,Under,6.5,-137,2026-05-16,2026-05-13T04:01:59Z,2026-05-12 21:02:52
Betr DFS,player_rebounds_assists,De'Aaron Fox,Over,9.5,-137,2026-05-16,2026-05-13T04:01:59Z,2026-05-12 21:02:52
Betr DFS,player_rebounds_assists,Victor Wembanyama,Over,16.5,-137,2026-05-16,2026-05-13T04:01:59Z,2026-05-12 21:02:52
Betr DFS,player_rebounds_assists,Victor Wembanyama,Under,16.5,-137,2026-05-16,2026-05-13T04:01:59Z,2026-05-12 21:02:52
Betr DFS,player_rebounds_assists,Stephon Castle,Under,11.5,-137,2026-05-16,2026-05-13T04:01:59Z,2026-05-12 21:02:52
Betr DFS,player_rebounds_assists,Dylan Harper,Over,7.5,-137,2026-05-16,2026-05-13T04:01:59Z,2026-05-12 21:02:52
Betr DFS,player_rebounds_assists,Dylan Harper,Under,7.5,-137,2026-05-16,2026-05-13T04:01:59Z,2026-05-12 21:02:52
Betr DFS,player_rebounds_assists,Julius Randle,Over,10.5,-137,2026-05-16,2026-05-13T04:01:59Z,2026-05-12 21:02:52
Betr DFS,player_rebounds_assists,Julius Randle,Under,10.5,-137,2026-05-16,2026-05-13T04:01:59Z,2026-05-12 21:02:52
Betr DFS,player_rebounds_assists,Ayo Dosunmu,Over,7.5,-137,2026-05-16,2026-05-13T04:01:59Z,2026-05-12 21:02:52
Betr DFS,player_rebounds_assists,Ayo Dosunmu,Under,7.5,-137,2026-05-16,2026-05-13T04:01:59Z,2026-05-12 21:02:52
Betr DFS,player_rebounds_assists,Rudy Gobert,Over,10.5,-137,2026-05-16,2026-05-13T04:01:59Z,2026-05-12 21:02:52
Betr DFS,player_rebounds_assists,Rudy Gobert,Under,10.5,-137,2026-05-16,2026-05-13T04:01:59Z,2026-05-12 21:02:52
Betr DFS,player_rebounds_assists,Naz Reid,Over,9.5,-137,2026-05-16,2026-05-13T04:01:59Z,2026-05-12 21:02:52
Betr DFS,player_rebounds_assists,Anthony Edwards,Over,9.5,-137,2026-05-16,2026-05-13T04:01:59Z,2026-05-12 21:02:52
Betr DFS,player_rebounds_assists,Anthony Edwards,Under,9.5,-137,2026-05-16,2026-05-13T04:01:59Z,2026-05-12 21:02:52
Betr DFS,player_rebounds_assists,Jaden McDaniels,Over,7.5,-137,2026-05-16,2026-05-13T04:01:59Z,2026-05-12 21:02:52
DraftKings Pick6,player_rebounds_assists,Cade Cunningham,Over,14.5,-137,2026-05-14,2026-05-13T04:02:09Z,2026-05-12 21:02:52
DraftKings Pick6,player_rebounds_assists,Cade Cunningham,Under,14.5,-137,2026-05-14,2026-05-13T04:02:09Z,2026-05-12 21:02:52
DraftKings Pick6,player_rebounds_assists,Duncan Robinson,Over,4.5,-137,2026-05-14,2026-05-13T04:02:09Z,2026-05-12 21:02:52
DraftKings Pick6,player_rebounds_assists,Duncan Robinson,Under,4.5,-137,2026-05-14,2026-05-13T04:02:09Z,2026-05-12 21:02:52
DraftKings Pick6,player_rebounds_assists,Donovan Mitchell,Over,8.5,-137,2026-05-14,2026-05-13T04:02:09Z,2026-05-12 21:02:52
DraftKings Pick6,player_rebounds_assists,Donovan Mitchell,Under,8.5,-137,2026-05-14,2026-05-13T04:02:09Z,2026-05-12 21:02:52
PrizePicks,player_turnovers,Jalen Duren,Over,1.5,-137,2026-05-14,2026-05-13T04:02:39Z,2026-05-12 21:02:52
PrizePicks,player_turnovers,Jalen Duren,Under,1.5,-137,2026-05-14,2026-05-13T04:02:39Z,2026-05-12 21:02:52
PrizePicks,player_turnovers,Tobias Harris,Over,1.5,-137,2026-05-14,2026-05-13T04:02:39Z,2026-05-12 21:02:52
PrizePicks,player_turnovers,Tobias Harris,Under,1.5,-137,2026-05-14,2026-05-13T04:02:39Z,2026-05-12 21:02:52
Betr DFS,player_turnovers,Tobias Harris,Over,1.5,-137,2026-05-14,2026-05-13T04:02:02Z,2026-05-12 21:02:52
Betr DFS,player_turnovers,Tobias Harris,Under,1.5,-137,2026-05-14,2026-05-13T04:02:02Z,2026-05-12 21:02:52
Betr DFS,player_turnovers,Jalen Duren,Over,1.5,-137,2026-05-14,2026-05-13T04:02:02Z,2026-05-12 21:02:52
Betr DFS,player_turnovers,Jalen Duren,Under,1.5,-137,2026-05-14,2026-05-13T04:02:02Z,2026-05-12 21:02:52
PrizePicks,player_blocks_steals,Jalen Duren,Over,1.5,-137,2026-05-14,2026-05-13T04:02:39Z,2026-05-12 21:02:52
PrizePicks,player_blocks_steals,Jalen Duren,Under,1.5,-137,2026-05-14,2026-05-13T04:02:39Z,2026-05-12 21:02:52
PrizePicks,player_blocks_steals,Donovan Mitchell,Over,1.5,-137,2026-05-14,2026-05-13T04:02:39Z,2026-05-12 21:02:52
PrizePicks,player_blocks_steals,Donovan Mitchell,Under,1.5,-137,2026-05-14,2026-05-13T04:02:39Z,2026-05-12 21:02:52
PrizePicks,player_blocks_steals,Dennis Schroder,Over,0.5,-137,2026-05-14,2026-05-13T04:02:39Z,2026-05-12 21:02:52
PrizePicks,player_blocks_steals,Dennis Schroder,Under,0.5,-137,2026-05-14,2026-05-13T04:02:39Z,2026-05-12 21:02:52
