Player,Position,Prop,Line,Opponent,Odds Over,Odds Under,Implied Over,Implied Under,EV Over,EV Under,Avg Stat L10,Med Stat L10,Std Stat L10,Z Score,Prob Over,Prob Under,OVER L5,OVER L10,OVER L15,Avg Min L10,Std Min L10,Avg USG% L10,Std USG% L10,Avg Stat vs Matchup,Matchup Games,Spread,Total,Opp Def Rating,Opp Def Rank,Opp Pace,Opp Pace Rank
Joel Embiid,C,PTS,26.5,Charlotte Hornets,120,-160,0.455,0.615,86.34,-75.14,32.1,32.5,5.47,-1.024,0.847,0.153,0.6,0.8,0.73,34.73,5.58,0.35,0.05,27.0,2.0,6.5,230.5,113.6,13,97.9,26
Joel Embiid,C,PTS+REB,32.5,Charlotte Hornets,100,-115,0.5,0.535,77.8,-79.25,41.0,42.0,6.96,-1.221,0.889,0.111,0.8,0.9,0.8,34.73,5.58,0.35,0.05,30.5,2.0,6.5,230.5,113.6,13,97.9,26
Joel Embiid,C,PTS+REB+AST,36.5,Charlotte Hornets,-105,-113,0.512,0.531,73.76,-79.27,46.4,47.0,8.06,-1.228,0.89,0.11,0.8,0.9,0.8,34.73,5.58,0.35,0.05,37.0,2.0,6.5,230.5,113.6,13,97.9,26
Joel Embiid,C,PTS+AST,29.5,Charlotte Hornets,-110,-112,0.524,0.528,70.1,-79.37,37.5,39.0,6.5,-1.231,0.891,0.109,0.8,0.9,0.8,34.73,5.58,0.35,0.05,33.5,2.0,6.5,230.5,113.6,13,97.9,26
Tyrese Maxey,PG,PTS,24.5,Charlotte Hornets,-110,-105,0.524,0.512,61.89,-70.32,29.6,29.5,4.95,-1.03,0.848,0.152,0.8,0.9,0.87,35.82,4.86,0.33,0.04,23.6,5.0,6.5,230.5,113.6,13,97.9,26
Tyrese Maxey,PG,PTS+REB,27.5,Charlotte Hornets,-125,-105,0.556,0.512,59.84,-78.13,33.5,32.5,4.93,-1.217,0.888,0.112,0.8,0.9,0.8,35.82,4.86,0.33,0.04,27.6,5.0,6.5,230.5,113.6,13,97.9,26
Dylan Cardwell,C,REB,6.5,Atlanta Hawks,-105,-108,0.512,0.519,57.17,-62.44,9.4,10.5,3.37,-0.861,0.805,0.195,0.8,0.8,0.73,22.15,6.75,0.13,0.06,,,14.5,236.5,113.1,11,102.59,4
Dylan Cardwell,C,PTS+REB+AST,12.5,Atlanta Hawks,-108,-105,0.519,0.512,48.1,-54.9,18.0,18.0,7.47,-0.736,0.769,0.231,0.6,0.7,0.67,22.15,6.75,0.13,0.06,,,14.5,236.5,113.1,11,102.59,4
Paul George,SF,AST,3.5,Charlotte Hornets,-102,-115,0.505,0.535,41.6,-46.72,4.2,4.5,1.23,-0.569,0.715,0.285,0.8,0.7,0.6,32.48,2.54,0.21,0.06,8.25,4.0,6.5,230.5,113.6,13,97.9,26
Nickeil Alexander-Walker,SG,PTS,20.5,Sacramento Kings,102,-115,0.495,0.535,41.0,-43.54,24.1,22.5,6.94,-0.519,0.698,0.302,0.8,0.7,0.47,32.3,4.37,0.22,0.04,10.4,5.0,-14.5,236.5,120.2,28,100.31,17
Tyrese Maxey,PG,PTS+REB+AST,34.5,Charlotte Hornets,-122,-105,0.55,0.512,39.93,-54.9,39.3,37.5,6.53,-0.735,0.769,0.231,0.6,0.7,0.73,35.82,4.86,0.33,0.04,34.4,5.0,6.5,230.5,113.6,13,97.9,26
Dylan Cardwell,C,PTS,4.5,Atlanta Hawks,-102,-103,0.505,0.507,38.63,-40.87,6.7,6.0,4.19,-0.525,0.7,0.3,0.8,0.8,0.73,22.15,6.75,0.13,0.06,,,14.5,236.5,113.1,11,102.59,4
Tyrese Maxey,PG,PTS+AST,30.5,Charlotte Hornets,-130,100,0.565,0.5,37.12,-55.0,35.4,35.0,6.48,-0.756,0.775,0.225,0.8,0.9,0.87,35.82,4.86,0.33,0.04,30.4,5.0,6.5,230.5,113.6,13,97.9,26
VJ Edgecombe,SG,PTS,14.5,Charlotte Hornets,-104,-112,0.51,0.528,35.93,-41.89,19.8,19.5,10.54,-0.503,0.693,0.307,0.8,0.7,0.73,33.36,7.27,0.25,0.04,12.0,2.0,6.5,230.5,113.6,13,97.9,26
Grayson Allen,SF,PTS+REB+AST,22.5,Utah Jazz,105,-120,0.488,0.545,35.71,-38.03,25.5,25.0,7.2,-0.417,0.662,0.338,0.4,0.6,0.73,27.61,4.05,0.27,0.09,23.83,6.0,-16.5,231.5,120.7,29,102.95,2
VJ Edgecombe,SG,PTS+REB+AST,23.5,Charlotte Hornets,-104,-110,0.51,0.524,34.95,-40.44,30.4,31.0,14.07,-0.49,0.688,0.312,0.8,0.7,0.73,33.36,7.27,0.25,0.04,22.5,2.0,6.5,230.5,113.6,13,97.9,26
Precious Achiuwa,PF,PTS,12.5,Atlanta Hawks,-107,100,0.517,0.5,34.84,-39.4,16.1,14.0,6.98,-0.516,0.697,0.303,0.6,0.7,0.67,32.98,6.44,0.18,0.04,9.2,5.0,14.5,236.5,113.1,11,102.59,4
Tre Jones,PG,PTS,14.5,Memphis Grizzlies,100,-122,0.5,0.55,34.2,-40.13,16.7,17.5,4.95,-0.444,0.671,0.329,0.8,0.8,0.6,29.39,2.99,0.2,0.03,8.33,3.0,-4.5,246.0,117.2,22,101.41,10
Kyle Filipowski,C,REB+AST,10.5,Phoenix Suns,-118,100,0.541,0.5,33.39,-44.4,12.9,12.0,4.07,-0.59,0.722,0.278,0.4,0.7,0.53,26.08,4.62,0.22,0.08,6.0,6.0,16.5,231.5,113.0,10,98.03,25
Nique Clifford,SF,PTS+REB+AST,18.5,Atlanta Hawks,-104,-105,0.51,0.512,32.6,-36.74,22.0,19.0,7.67,-0.456,0.676,0.324,0.6,0.6,0.53,33.71,7.06,0.16,0.04,17.0,1.0,14.5,236.5,113.1,11,102.59,4
Coby White,SG,PTS+REB+AST,21.5,Boston Celtics,105,-114,0.488,0.533,30.38,-31.67,24.2,24.0,7.77,-0.347,0.636,0.364,1.0,1.0,0.67,20.47,2.56,0.32,0.06,20.86,7.0,-2.5,215.5,111.5,4,95.47,30
Coby White,SG,PTS+REB+AST,21.5,Philadelphia 76ers,105,-114,0.488,0.533,30.38,-31.67,24.2,24.0,7.77,-0.347,0.636,0.364,1.0,1.0,0.67,20.47,2.56,0.32,0.06,21.0,4.0,-6.5,230.5,114.8,17,100.33,16
Grayson Allen,SF,PTS,15.5,Utah Jazz,-106,-111,0.515,0.526,30.01,-37.08,18.1,16.5,5.97,-0.436,0.669,0.331,0.2,0.5,0.6,27.61,4.05,0.27,0.09,15.83,6.0,-16.5,231.5,120.7,29,102.95,2
Precious Achiuwa,PF,PTS+REB+AST,22.5,Atlanta Hawks,-125,-105,0.556,0.512,24.38,-39.67,27.4,26.5,9.83,-0.498,0.691,0.309,0.6,0.7,0.6,32.98,6.44,0.18,0.04,15.6,5.0,14.5,236.5,113.1,11,102.59,4
Nickeil Alexander-Walker,SG,PTS+AST,24.5,Sacramento Kings,-104,-118,0.51,0.541,24.36,-32.38,27.3,25.0,8.18,-0.342,0.634,0.366,0.6,0.6,0.4,32.3,4.37,0.22,0.04,13.4,5.0,-14.5,236.5,120.2,28,100.31,17
Coby White,SG,PTS+AST,18.5,Boston Celtics,100,-125,0.5,0.556,24.2,-31.78,20.7,20.5,7.15,-0.308,0.621,0.379,1.0,1.0,0.67,20.47,2.56,0.32,0.06,17.71,7.0,-2.5,215.5,111.5,4,95.47,30
Coby White,SG,PTS+AST,18.5,Philadelphia 76ers,100,-125,0.5,0.556,24.2,-31.78,20.7,20.5,7.15,-0.308,0.621,0.379,1.0,1.0,0.67,20.47,2.56,0.32,0.06,16.0,4.0,-6.5,230.5,114.8,17,100.33,16
Grayson Allen,SF,AST,3.5,Utah Jazz,-110,100,0.524,0.5,24.09,-30.0,4.5,4.5,2.59,-0.386,0.65,0.35,0.4,0.5,0.67,27.61,4.05,0.27,0.09,3.83,6.0,-16.5,231.5,120.7,29,102.95,2
Cody Williams,SF,PTS,13.5,Phoenix Suns,105,-114,0.488,0.533,22.59,-24.54,15.5,13.0,8.03,-0.249,0.598,0.402,0.8,0.4,0.27,34.37,5.77,0.18,0.08,7.0,3.0,16.5,231.5,113.0,10,98.03,25
Devin Booker,SG,PTS,25.5,Utah Jazz,-112,100,0.528,0.5,22.47,-29.4,28.8,28.5,8.75,-0.377,0.647,0.353,0.2,0.6,0.53,34.54,1.51,0.33,0.07,36.0,6.0,-16.5,231.5,120.7,29,102.95,2
Nique Clifford,SF,PTS,10.5,Atlanta Hawks,-105,-110,0.512,0.524,22.22,-28.6,12.4,10.5,5.91,-0.321,0.626,0.374,0.6,0.5,0.53,33.71,7.06,0.16,0.04,9.0,1.0,14.5,236.5,113.1,11,102.59,4
VJ Edgecombe,SG,AST,3.5,Charlotte Hornets,106,-115,0.485,0.535,21.54,-23.35,4.2,4.0,3.08,-0.227,0.59,0.41,0.8,0.6,0.53,33.36,7.27,0.25,0.04,4.5,2.0,6.5,230.5,113.6,13,97.9,26
Jalen Green,SG,PTS+REB+AST,28.5,Utah Jazz,-114,100,0.533,0.5,21.45,-29.4,31.5,30.0,7.95,-0.377,0.647,0.353,0.8,0.9,0.67,32.11,2.98,0.31,0.05,33.67,3.0,-16.5,231.5,120.7,29,102.95,2
Jalen Green,SG,PTS+AST,23.5,Utah Jazz,-130,100,0.565,0.5,20.31,-36.0,27.1,26.5,7.68,-0.469,0.68,0.32,0.6,0.7,0.53,32.11,2.98,0.31,0.05,28.67,3.0,-16.5,231.5,120.7,29,102.95,2
Nickeil Alexander-Walker,SG,PTS+REB,23.5,Sacramento Kings,-118,-110,0.541,0.524,20.27,-33.37,26.7,24.5,8.27,-0.387,0.651,0.349,0.6,0.6,0.4,32.3,4.37,0.22,0.04,13.0,5.0,-14.5,236.5,120.2,28,100.31,17
Cody Williams,SF,PTS+REB,17.5,Phoenix Suns,-105,-122,0.512,0.55,20.27,-30.12,20.2,15.5,9.11,-0.296,0.616,0.384,0.6,0.4,0.27,34.37,5.77,0.18,0.08,8.0,3.0,16.5,231.5,113.0,10,98.03,25
Jalen Green,SG,REB+AST,7.5,Utah Jazz,-118,100,0.541,0.5,18.79,-28.6,8.4,8.5,2.46,-0.366,0.643,0.357,0.6,0.6,0.47,32.11,2.98,0.31,0.05,11.0,3.0,-16.5,231.5,120.7,29,102.95,2
LaMelo Ball,PG,PTS,20.5,Philadelphia 76ers,-106,-111,0.515,0.526,18.74,-26.05,22.1,20.5,5.69,-0.281,0.611,0.389,0.4,0.4,0.47,26.96,5.27,0.32,0.04,22.75,4.0,-6.5,230.5,114.8,17,100.33,16
LaMelo Ball,PG,PTS,20.5,Boston Celtics,-106,-111,0.515,0.526,18.74,-26.05,22.1,20.5,5.69,-0.281,0.611,0.389,0.4,0.4,0.47,26.96,5.27,0.32,0.04,28.33,3.0,-2.5,215.5,111.5,4,95.47,30
Jalen Green,SG,PTS,20.5,Utah Jazz,-117,-103,0.539,0.507,17.03,-27.27,23.1,22.5,7.78,-0.334,0.631,0.369,0.4,0.7,0.53,32.11,2.98,0.31,0.05,22.67,3.0,-16.5,231.5,120.7,29,102.95,2
Nickeil Alexander-Walker,SG,STL,1.5,Sacramento Kings,-125,-102,0.556,0.505,16.64,-30.29,1.8,2.0,0.79,-0.38,0.648,0.352,0.6,0.6,0.6,32.3,4.37,0.22,0.04,0.2,5.0,-14.5,236.5,120.2,28,100.31,17
Jalen Duren,C,PTS,21.5,Minnesota Timberwolves,-113,-109,0.531,0.522,16.49,-26.75,23.4,23.5,6.35,-0.299,0.618,0.382,0.6,0.6,0.6,27.02,6.45,0.27,0.05,9.0,2.0,-1.5,221.0,112.2,6,101.42,9
Devin Booker,SG,PTS+AST,32.5,Utah Jazz,-105,-105,0.512,0.512,15.97,-20.73,34.5,32.5,8.4,-0.238,0.594,0.406,0.2,0.5,0.4,34.54,1.51,0.33,0.07,43.67,6.0,-16.5,231.5,120.7,29,102.95,2
Tre Jones,PG,PTS+AST,19.5,Memphis Grizzlies,-120,-102,0.545,0.505,15.5,-26.73,21.1,22.5,4.84,-0.331,0.63,0.37,0.8,0.7,0.53,29.39,2.99,0.2,0.03,11.67,3.0,-4.5,246.0,117.2,22,101.41,10
Dyson Daniels,PG,PTS,12.5,Sacramento Kings,-105,-115,0.512,0.535,15.19,-23.35,14.0,14.0,6.57,-0.228,0.59,0.41,0.6,0.6,0.53,30.86,4.46,0.15,0.03,9.5,2.0,-14.5,236.5,120.2,28,100.31,17
Nickeil Alexander-Walker,SG,PTS+REB+AST,27.5,Sacramento Kings,-109,-104,0.522,0.51,15.05,-21.54,29.9,27.5,9.47,-0.253,0.6,0.4,0.6,0.5,0.33,32.3,4.37,0.22,0.04,16.0,5.0,-14.5,236.5,120.2,28,100.31,17
Devin Booker,SG,PTS+REB,29.5,Utah Jazz,-118,-110,0.541,0.524,14.54,-27.45,32.5,32.5,9.85,-0.305,0.62,0.38,0.2,0.6,0.53,34.54,1.51,0.33,0.07,40.33,6.0,-16.5,231.5,120.7,29,102.95,2
Dyson Daniels,PG,PTS+REB,19.5,Sacramento Kings,-105,-118,0.512,0.541,14.41,-23.52,21.2,22.5,7.83,-0.217,0.586,0.414,0.6,0.6,0.47,30.86,4.46,0.15,0.03,16.5,2.0,-14.5,236.5,120.2,28,100.31,17
Josh Giddey,SG,AST,10.5,Memphis Grizzlies,-120,100,0.545,0.5,13.85,-24.2,11.9,11.5,4.56,-0.307,0.621,0.379,0.6,0.5,0.33,35.72,4.65,0.21,0.03,9.67,3.0,-4.5,246.0,117.2,22,101.41,10
Paul George,SF,REB+AST,8.5,Charlotte Hornets,102,-110,0.495,0.524,13.52,-16.38,8.8,9.0,1.93,-0.155,0.562,0.438,0.6,0.6,0.6,32.48,2.54,0.21,0.06,13.25,4.0,6.5,230.5,113.6,13,97.9,26
Jalen Green,SG,3PM,2.5,Utah Jazz,-113,-105,0.531,0.512,12.91,-21.71,3.0,3.0,2.0,-0.25,0.599,0.401,0.4,0.6,0.47,32.11,2.98,0.31,0.05,4.67,3.0,-16.5,231.5,120.7,29,102.95,2
LaMelo Ball,PG,PTS+REB,25.5,Philadelphia 76ers,-118,-105,0.541,0.512,12.88,-24.05,27.2,26.0,6.05,-0.281,0.611,0.389,1.0,0.8,0.73,26.96,5.27,0.32,0.04,28.0,4.0,-6.5,230.5,114.8,17,100.33,16
LaMelo Ball,PG,PTS+REB,25.5,Boston Celtics,-118,-105,0.541,0.512,12.88,-24.05,27.2,26.0,6.05,-0.281,0.611,0.389,1.0,0.8,0.73,26.96,5.27,0.32,0.04,32.67,3.0,-2.5,215.5,111.5,4,95.47,30
Kyle Filipowski,C,PTS+REB+AST,23.5,Phoenix Suns,-114,-109,0.533,0.522,12.26,-22.92,25.5,23.5,8.1,-0.247,0.598,0.402,0.2,0.5,0.47,26.08,4.62,0.22,0.08,13.5,6.0,16.5,231.5,113.0,10,98.03,25
Joel Embiid,C,TOV,2.5,Charlotte Hornets,-137,-137,0.578,0.578,10.54,-37.55,3.0,2.5,1.41,-0.355,0.639,0.361,0.4,0.5,0.53,34.73,5.58,0.35,0.05,4.0,2.0,6.5,230.5,113.6,13,97.9,26
Devin Booker,SG,PTS+REB+AST,36.5,Utah Jazz,-110,-105,0.524,0.512,9.01,-16.24,38.2,36.5,9.47,-0.18,0.571,0.429,0.2,0.5,0.4,34.54,1.51,0.33,0.07,48.0,6.0,-16.5,231.5,120.7,29,102.95,2
Tre Jones,PG,PTS+REB+AST,23.5,Memphis Grizzlies,-108,-113,0.519,0.531,9.01,-18.19,24.5,26.5,6.06,-0.165,0.566,0.434,0.8,0.7,0.53,29.39,2.99,0.2,0.03,14.33,3.0,-4.5,246.0,117.2,22,101.41,10
Brice Sensabaugh,SF,3PM,2.5,Phoenix Suns,-115,101,0.535,0.498,8.43,-15.58,2.9,2.5,1.97,-0.203,0.58,0.42,0.8,0.5,0.53,26.42,5.81,0.31,0.05,0.8,5.0,16.5,231.5,113.0,10,98.03,25
Jalen Green,SG,PTS+REB,24.5,Utah Jazz,-150,115,0.6,0.465,7.17,-23.25,27.5,27.5,8.17,-0.367,0.643,0.357,0.6,0.8,0.6,32.11,2.98,0.31,0.05,27.67,3.0,-16.5,231.5,120.7,29,102.95,2
Taylor Hendricks,PF,PTS,11.5,Chicago Bulls,-114,100,0.533,0.5,6.81,-13.8,12.2,12.5,4.05,-0.173,0.569,0.431,0.8,0.6,0.6,25.45,2.37,0.18,0.06,9.5,2.0,4.5,246.0,117.3,23,102.79,3
Paul George,SF,PTS,15.5,Charlotte Hornets,100,-118,0.5,0.541,6.6,-13.72,16.1,15.0,7.19,-0.083,0.533,0.467,0.2,0.4,0.33,32.48,2.54,0.21,0.06,20.5,4.0,6.5,230.5,113.6,13,97.9,26
Maxime Raynaud,C,PTS+REB,25.5,Atlanta Hawks,-110,-110,0.524,0.524,6.15,-15.24,26.9,28.5,9.85,-0.142,0.556,0.444,0.6,0.6,0.6,32.5,5.42,0.21,0.05,11.0,1.0,14.5,236.5,113.1,11,102.59,4
Kyle Filipowski,C,PTS+REB,20.5,Phoenix Suns,-108,-112,0.519,0.528,5.93,-14.82,21.5,20.0,7.98,-0.125,0.55,0.45,0.2,0.5,0.47,26.08,4.62,0.22,0.08,12.33,6.0,16.5,231.5,113.0,10,98.03,25
Brice Sensabaugh,SF,PTS,20.5,Phoenix Suns,-102,-118,0.505,0.541,5.75,-13.91,21.4,21.5,10.55,-0.085,0.534,0.466,1.0,0.6,0.53,26.42,5.81,0.31,0.05,3.8,5.0,16.5,231.5,113.0,10,98.03,25
Josh Giddey,SG,REB+AST,20.5,Memphis Grizzlies,-110,-110,0.524,0.524,4.81,-13.9,21.4,22.5,7.4,-0.122,0.549,0.451,0.6,0.7,0.47,35.72,4.65,0.21,0.03,21.33,3.0,-4.5,246.0,117.2,22,101.41,10
Matas Buzelis,SF,PTS,20.5,Memphis Grizzlies,-113,-110,0.531,0.524,4.05,-14.47,21.6,20.0,8.46,-0.13,0.552,0.448,0.4,0.4,0.33,32.81,6.08,0.25,0.03,14.33,3.0,-4.5,246.0,117.2,22,101.41,10
Dyson Daniels,PG,PTS+REB+AST,24.5,Sacramento Kings,-120,-102,0.545,0.505,2.3,-12.47,25.8,27.5,8.92,-0.146,0.558,0.442,0.6,0.7,0.6,30.86,4.46,0.15,0.03,22.0,2.0,-14.5,236.5,120.2,28,100.31,17
Brice Sensabaugh,SF,PTS+AST,22.5,Phoenix Suns,-114,-114,0.533,0.533,2.12,-14.4,23.7,23.0,10.8,-0.111,0.544,0.456,0.8,0.5,0.47,26.42,5.81,0.31,0.05,4.0,5.0,16.5,231.5,113.0,10,98.03,25
DeMar DeRozan,SF,PTS,17.5,Atlanta Hawks,-106,-110,0.515,0.524,1.83,-9.13,18.3,14.0,13.17,-0.061,0.524,0.476,0.2,0.3,0.33,30.13,7.5,0.24,0.08,15.5,2.0,14.5,236.5,113.1,11,102.59,4
Brice Sensabaugh,SF,PTS+REB,23.5,Phoenix Suns,-115,-105,0.535,0.512,1.52,-10.78,24.7,24.0,11.26,-0.107,0.543,0.457,1.0,0.5,0.47,26.42,5.81,0.31,0.05,5.4,5.0,16.5,231.5,113.0,10,98.03,25
Duncan Robinson,SG,PTS+REB+AST,15.5,Minnesota Timberwolves,-125,105,0.556,0.488,1.52,-10.62,16.5,16.5,6.17,-0.162,0.564,0.436,0.2,0.5,0.4,24.6,3.53,0.15,0.03,16.0,2.0,-1.5,221.0,112.2,6,101.42,9
Paul George,SF,PTS+REB+AST,24.5,Charlotte Hornets,-105,-125,0.512,0.556,1.52,-13.6,24.9,24.0,8.23,-0.049,0.52,0.48,0.2,0.5,0.47,32.48,2.54,0.21,0.06,33.75,4.0,6.5,230.5,113.6,13,97.9,26
Maxime Raynaud,C,PTS+REB+AST,27.5,Atlanta Hawks,-115,-115,0.535,0.535,1.33,-14.37,28.6,30.5,10.33,-0.106,0.542,0.458,0.6,0.6,0.6,32.5,5.42,0.21,0.05,12.0,1.0,14.5,236.5,113.1,11,102.59,4
Matas Buzelis,SF,PTS+REB,27.5,Memphis Grizzlies,-113,-110,0.531,0.524,0.28,-10.65,28.2,27.5,8.66,-0.081,0.532,0.468,0.4,0.5,0.4,32.81,6.08,0.25,0.03,17.67,3.0,-4.5,246.0,117.2,22,101.41,10
Royce O'Neale,PF,AST,2.5,Utah Jazz,-110,-105,0.524,0.512,0.23,-7.26,2.6,3.0,1.58,-0.063,0.525,0.475,0.6,0.6,0.53,27.45,4.98,0.13,0.03,4.0,5.0,-16.5,231.5,120.7,29,102.95,2
Jalen Duren,C,PTS+AST,24.5,Minnesota Timberwolves,-105,-125,0.512,0.556,0.16,-12.34,24.7,24.0,6.24,-0.032,0.513,0.487,0.2,0.4,0.47,27.02,6.45,0.27,0.05,12.0,2.0,-1.5,221.0,112.2,6,101.42,9
Paul George,SF,PTS+REB,20.5,Charlotte Hornets,-104,-120,0.51,0.545,0.04,-10.17,20.7,18.5,7.73,-0.026,0.51,0.49,0.2,0.4,0.47,32.48,2.54,0.21,0.06,25.5,4.0,6.5,230.5,113.6,13,97.9,26
Kon Knueppel,SG,3PM,3.5,Boston Celtics,100,-105,0.5,0.512,0.0,-2.38,3.5,4.0,1.51,0.0,0.5,0.5,0.6,0.4,0.53,28.64,5.55,0.21,0.03,4.0,1.0,-2.5,215.5,111.5,4,95.47,30
Kon Knueppel,SG,3PM,3.5,Philadelphia 76ers,100,-105,0.5,0.512,0.0,-2.38,3.5,4.0,1.51,0.0,0.5,0.5,0.6,0.4,0.53,28.64,5.55,0.21,0.03,2.5,2.0,-6.5,230.5,114.8,17,100.33,16
DeMar DeRozan,SF,PTS+REB+AST,25.5,Atlanta Hawks,102,-115,0.495,0.535,-0.01,-5.59,25.3,19.5,16.15,0.012,0.495,0.505,0.2,0.3,0.27,30.13,7.5,0.24,0.08,22.5,2.0,14.5,236.5,113.1,11,102.59,4
Matas Buzelis,SF,PTS+REB+AST,29.5,Memphis Grizzlies,-110,-110,0.524,0.524,-0.15,-8.94,30.0,29.5,8.78,-0.057,0.523,0.477,0.4,0.5,0.47,32.81,6.08,0.25,0.03,18.33,3.0,-4.5,246.0,117.2,22,101.41,10
Duncan Robinson,SG,REB,2.5,Minnesota Timberwolves,-110,-114,0.524,0.533,-0.73,-9.89,2.6,3.0,1.96,-0.051,0.52,0.48,0.6,0.6,0.6,24.6,3.53,0.15,0.03,3.0,2.0,-1.5,221.0,112.2,6,101.42,9
Jordan Goodwin,PG,PTS,8.5,Utah Jazz,105,-110,0.488,0.524,-1.19,-1.11,8.3,6.5,4.37,0.046,0.482,0.518,0.4,0.3,0.33,23.51,5.99,0.15,0.05,9.0,3.0,-16.5,231.5,120.7,29,102.95,2
DeMar DeRozan,SF,PTS+AST,22.5,Atlanta Hawks,-108,-114,0.519,0.533,-1.2,-8.58,23.0,18.0,15.56,-0.032,0.513,0.487,0.2,0.3,0.33,30.13,7.5,0.24,0.08,17.5,2.0,14.5,236.5,113.1,11,102.59,4
Josh Giddey,SG,REB,9.5,Memphis Grizzlies,-105,-115,0.512,0.535,-2.38,-6.52,9.5,10.0,4.5,0.0,0.5,0.5,0.4,0.5,0.33,35.72,4.65,0.21,0.03,11.67,3.0,-4.5,246.0,117.2,22,101.41,10
Collin Gillespie,PG,PTS+REB+AST,20.5,Utah Jazz,-118,-108,0.541,0.519,-2.45,-9.1,21.2,23.0,10.09,-0.069,0.528,0.472,0.8,0.6,0.67,29.72,5.42,0.17,0.05,26.0,2.0,-16.5,231.5,120.7,29,102.95,2
DeMar DeRozan,SF,PTS+REB,19.5,Atlanta Hawks,-120,-105,0.545,0.512,-2.47,-8.63,20.6,16.5,13.83,-0.08,0.532,0.468,0.2,0.3,0.33,30.13,7.5,0.24,0.08,20.5,2.0,14.5,236.5,113.1,11,102.59,4
Collin Gillespie,PG,PTS,12.5,Utah Jazz,-105,-118,0.512,0.541,-3.36,-6.7,12.4,12.0,8.36,0.012,0.495,0.505,0.6,0.4,0.47,29.72,5.42,0.17,0.05,13.5,2.0,-16.5,231.5,120.7,29,102.95,2
Royce O'Neale,PF,PTS,9.5,Utah Jazz,-114,-110,0.533,0.524,-3.7,-7.03,9.7,7.5,6.17,-0.032,0.513,0.487,0.4,0.4,0.33,27.45,4.98,0.13,0.03,13.6,5.0,-16.5,231.5,120.7,29,102.95,2
Tobias Harris,SF,REB+AST,8.5,Minnesota Timberwolves,105,-125,0.488,0.556,-3.86,-4.42,8.2,8.5,3.79,0.079,0.469,0.531,0.8,0.5,0.53,27.14,4.81,0.17,0.04,15.0,1.0,-1.5,221.0,112.2,6,101.42,9
Tre Jones,PG,REB,3.5,Memphis Grizzlies,100,-115,0.5,0.535,-4.4,-2.41,3.4,4.0,1.78,0.056,0.478,0.522,0.6,0.6,0.4,29.39,2.99,0.2,0.03,2.67,3.0,-4.5,246.0,117.2,22,101.41,10
Kyle Filipowski,C,PTS,12.5,Phoenix Suns,-115,-102,0.535,0.505,-5.03,-2.56,12.6,13.0,5.13,-0.019,0.508,0.492,0.2,0.5,0.6,26.08,4.62,0.22,0.08,7.5,6.0,16.5,231.5,113.0,10,98.03,25
Kon Knueppel,SG,PTS,18.5,Boston Celtics,-105,-110,0.512,0.524,-5.31,-1.68,18.3,18.5,5.33,0.038,0.485,0.515,0.0,0.4,0.4,28.64,5.55,0.21,0.03,20.0,1.0,-2.5,215.5,111.5,4,95.47,30
Kon Knueppel,SG,PTS,18.5,Philadelphia 76ers,-105,-110,0.512,0.524,-5.31,-1.68,18.3,18.5,5.33,0.038,0.485,0.515,0.0,0.4,0.4,28.64,5.55,0.21,0.03,13.0,2.0,-6.5,230.5,114.8,17,100.33,16
LaMelo Ball,PG,PTS+REB+AST,33.5,Boston Celtics,100,-118,0.5,0.541,-6.8,-1.35,32.8,32.5,8.16,0.086,0.466,0.534,0.8,0.6,0.6,26.96,5.27,0.32,0.04,37.33,3.0,-2.5,215.5,111.5,4,95.47,30
LaMelo Ball,PG,PTS+REB+AST,33.5,Philadelphia 76ers,100,-118,0.5,0.541,-6.8,-1.35,32.8,32.5,8.16,0.086,0.466,0.534,0.8,0.6,0.6,26.96,5.27,0.32,0.04,36.75,4.0,-6.5,230.5,114.8,17,100.33,16
Rudy Gobert,C,PTS,12.5,Detroit Pistons,100,-103,0.5,0.507,-7.2,5.64,11.9,10.5,6.64,0.09,0.464,0.536,0.4,0.4,0.33,31.62,4.73,0.13,0.04,12.5,2.0,1.5,221.0,108.7,2,100.03,18
Miles Bridges,SF,PTS,14.5,Boston Celtics,-111,-109,0.526,0.522,-7.62,-1.44,14.3,12.5,5.62,0.036,0.486,0.514,0.0,0.2,0.33,29.11,3.74,0.21,0.04,9.67,3.0,-2.5,215.5,111.5,4,95.47,30
Miles Bridges,SF,PTS,14.5,Philadelphia 76ers,-111,-109,0.526,0.522,-7.62,-1.44,14.3,12.5,5.62,0.036,0.486,0.514,0.0,0.2,0.33,29.11,3.74,0.21,0.04,16.75,4.0,-6.5,230.5,114.8,17,100.33,16
Jalen Duren,C,PTS+REB,33.5,Minnesota Timberwolves,-105,-125,0.512,0.556,-8.04,-4.78,33.0,31.0,6.94,0.072,0.471,0.529,0.4,0.3,0.4,27.02,6.45,0.27,0.05,18.0,2.0,-1.5,221.0,112.2,6,101.42,9
LaMelo Ball,PG,PTS+AST,28.5,Boston Celtics,100,-125,0.5,0.556,-8.2,-2.62,27.7,27.0,7.66,0.104,0.459,0.541,0.4,0.4,0.4,26.96,5.27,0.32,0.04,33.0,3.0,-2.5,215.5,111.5,4,95.47,30
LaMelo Ball,PG,PTS+AST,28.5,Philadelphia 76ers,100,-125,0.5,0.556,-8.2,-2.62,27.7,27.0,7.66,0.104,0.459,0.541,0.4,0.4,0.4,26.96,5.27,0.32,0.04,31.5,4.0,-6.5,230.5,114.8,17,100.33,16
Jordan Goodwin,PG,REB+AST,7.5,Utah Jazz,-117,-104,0.539,0.51,-10.05,1.02,7.4,7.5,2.72,0.037,0.485,0.515,0.8,0.5,0.4,23.51,5.99,0.15,0.05,7.33,3.0,-16.5,231.5,120.7,29,102.95,2
Miles Bridges,SF,3PM,1.5,Philadelphia 76ers,100,-115,0.5,0.535,-11.2,3.95,1.3,1.0,1.42,0.141,0.444,0.556,0.0,0.4,0.4,29.11,3.74,0.21,0.04,1.75,4.0,-6.5,230.5,114.8,17,100.33,16
Miles Bridges,SF,3PM,1.5,Boston Celtics,100,-115,0.5,0.535,-11.2,3.95,1.3,1.0,1.42,0.141,0.444,0.556,0.0,0.4,0.4,29.11,3.74,0.21,0.04,1.67,3.0,-2.5,215.5,111.5,4,95.47,30
Oso Ighodaro,PF,PTS+REB+AST,18.5,Utah Jazz,-120,100,0.545,0.5,-11.63,3.6,18.2,15.5,6.89,0.044,0.482,0.518,0.8,0.4,0.47,29.0,4.72,0.11,0.04,8.8,5.0,-16.5,231.5,120.7,29,102.95,2
DeMar DeRozan,SF,REB,2.5,Atlanta Hawks,-105,100,0.512,0.5,-12.34,10.2,2.3,2.5,1.57,0.127,0.449,0.551,0.6,0.5,0.4,30.13,7.5,0.24,0.08,5.0,2.0,14.5,236.5,113.1,11,102.59,4
Jordan Goodwin,PG,PTS+REB+AST,16.5,Utah Jazz,100,-122,0.5,0.55,-12.4,2.27,15.7,14.0,5.14,0.156,0.438,0.562,0.6,0.4,0.33,23.51,5.99,0.15,0.05,16.33,3.0,-16.5,231.5,120.7,29,102.95,2
Jordan Goodwin,PG,STL,1.5,Utah Jazz,-137,-137,0.578,0.578,-13.5,-13.5,1.5,2.0,0.97,0.0,0.5,0.5,0.8,0.6,0.53,23.51,5.99,0.15,0.05,1.33,3.0,-16.5,231.5,120.7,29,102.95,2
Dyson Daniels,PG,BLK+STL,2.5,Sacramento Kings,-137,-137,0.578,0.578,-13.5,-13.5,2.5,2.0,0.71,0.0,0.5,0.5,0.2,0.4,0.47,30.86,4.46,0.15,0.03,3.0,2.0,-14.5,236.5,120.2,28,100.31,17
Rudy Gobert,C,REB+AST,13.5,Detroit Pistons,-115,-110,0.535,0.524,-14.0,3.09,13.1,13.0,3.96,0.101,0.46,0.54,0.6,0.5,0.6,31.62,4.73,0.13,0.04,15.5,2.0,1.5,221.0,108.7,2,100.03,18
Dyson Daniels,PG,REB+AST,12.5,Sacramento Kings,102,-115,0.495,0.535,-14.76,8.06,11.8,13.0,3.58,0.196,0.422,0.578,0.4,0.6,0.6,30.86,4.46,0.15,0.03,12.5,2.0,-14.5,236.5,120.2,28,100.31,17
Malik Monk,SG,PTS,15.5,Atlanta Hawks,105,-105,0.488,0.512,-14.93,14.21,13.3,9.0,10.23,0.215,0.415,0.585,0.4,0.3,0.33,21.94,7.47,0.25,0.07,9.0,1.0,14.5,236.5,113.1,11,102.59,4
DeMar DeRozan,SF,REB+AST,7.5,Atlanta Hawks,-113,100,0.531,0.5,-15.37,10.2,7.0,7.5,3.92,0.128,0.449,0.551,0.8,0.5,0.47,30.13,7.5,0.24,0.08,7.0,2.0,14.5,236.5,113.1,11,102.59,4
Rudy Gobert,C,PTS+REB+AST,26.5,Detroit Pistons,-105,-109,0.512,0.522,-16.44,9.68,25.0,26.5,8.25,0.182,0.428,0.572,0.6,0.5,0.47,31.62,4.73,0.13,0.04,28.0,2.0,1.5,221.0,108.7,2,100.03,18
Rudy Gobert,C,PTS+REB,24.5,Detroit Pistons,-111,105,0.526,0.488,-16.55,15.01,23.2,25.0,8.43,0.154,0.439,0.561,0.6,0.5,0.47,31.62,4.73,0.13,0.04,28.0,2.0,1.5,221.0,108.7,2,100.03,18
Brandon Miller,SF,PTS+REB+AST,28.5,Boston Celtics,-123,105,0.552,0.488,-17.33,11.52,27.6,26.5,8.13,0.111,0.456,0.544,0.6,0.4,0.4,30.74,3.48,0.23,0.02,25.5,2.0,-2.5,215.5,111.5,4,95.47,30
Brandon Miller,SF,PTS+REB+AST,28.5,Philadelphia 76ers,-123,105,0.552,0.488,-17.33,11.52,27.6,26.5,8.13,0.111,0.456,0.544,0.6,0.4,0.4,30.74,3.48,0.23,0.02,26.8,5.0,-6.5,230.5,114.8,17,100.33,16
Jalen Duren,C,PTS+REB+AST,35.5,Minnesota Timberwolves,-110,-120,0.524,0.545,-17.91,4.5,34.3,32.5,6.8,0.176,0.43,0.57,0.2,0.2,0.33,27.02,6.45,0.27,0.05,21.0,2.0,-1.5,221.0,112.2,6,101.42,9
Isaac Okoro,SF,PTS,10.5,Memphis Grizzlies,-111,-111,0.526,0.526,-18.45,8.54,9.8,9.5,3.94,0.178,0.429,0.571,0.2,0.4,0.4,32.01,4.28,0.14,0.03,6.5,2.0,-4.5,246.0,117.2,22,101.41,10
Malik Monk,SG,PTS+AST,19.5,Atlanta Hawks,-122,-105,0.55,0.512,-19.21,8.55,17.9,15.0,11.33,0.141,0.444,0.556,0.6,0.4,0.4,21.94,7.47,0.25,0.07,15.0,1.0,14.5,236.5,113.1,11,102.59,4
Malik Monk,SG,PTS+REB,17.5,Atlanta Hawks,-110,-113,0.524,0.531,-19.82,9.33,15.3,11.5,10.84,0.203,0.42,0.58,0.4,0.3,0.33,21.94,7.47,0.25,0.07,13.0,1.0,14.5,236.5,113.1,11,102.59,4
Tobias Harris,SF,PTS+REB,19.5,Minnesota Timberwolves,105,-125,0.488,0.556,-20.05,9.8,17.5,18.5,7.15,0.28,0.39,0.61,0.4,0.4,0.4,27.14,4.81,0.17,0.04,27.0,1.0,-1.5,221.0,112.2,6,101.42,9
Kon Knueppel,SG,PTS+AST,22.5,Boston Celtics,-105,-125,0.512,0.556,-20.54,6.74,21.3,20.5,5.1,0.235,0.407,0.593,0.0,0.4,0.4,28.64,5.55,0.21,0.03,20.0,1.0,-2.5,215.5,111.5,4,95.47,30
Kon Knueppel,SG,PTS+AST,22.5,Philadelphia 76ers,-105,-125,0.512,0.556,-20.54,6.74,21.3,20.5,5.1,0.235,0.407,0.593,0.0,0.4,0.4,28.64,5.55,0.21,0.03,16.5,2.0,-6.5,230.5,114.8,17,100.33,16
Malik Monk,SG,PTS+REB+AST,22.5,Atlanta Hawks,-111,-110,0.526,0.524,-21.11,11.68,19.9,18.0,12.1,0.215,0.415,0.585,0.6,0.4,0.33,21.94,7.47,0.25,0.07,19.0,1.0,14.5,236.5,113.1,11,102.59,4
Kon Knueppel,SG,PTS+REB,23.5,Philadelphia 76ers,-110,-111,0.524,0.526,-21.15,11.58,22.2,23.5,5.92,0.22,0.413,0.587,0.0,0.4,0.4,28.64,5.55,0.21,0.03,18.5,2.0,-6.5,230.5,114.8,17,100.33,16
Kon Knueppel,SG,PTS+REB,23.5,Boston Celtics,-110,-111,0.524,0.526,-21.15,11.58,22.2,23.5,5.92,0.22,0.413,0.587,0.0,0.4,0.4,28.64,5.55,0.21,0.03,24.0,1.0,-2.5,215.5,111.5,4,95.47,30
Tobias Harris,SF,PTS,13.5,Minnesota Timberwolves,-109,-110,0.522,0.524,-22.15,13.4,12.2,12.5,5.43,0.239,0.406,0.594,0.4,0.4,0.4,27.14,4.81,0.17,0.04,16.0,1.0,-1.5,221.0,112.2,6,101.42,9
Tobias Harris,SF,PTS+REB+AST,22.5,Minnesota Timberwolves,100,-119,0.5,0.543,-22.6,12.81,20.4,23.0,7.34,0.286,0.387,0.613,0.8,0.5,0.47,27.14,4.81,0.17,0.04,31.0,1.0,-1.5,221.0,112.2,6,101.42,9
Isaac Okoro,SF,PTS+REB+AST,16.5,Memphis Grizzlies,100,-135,0.5,0.574,-23.0,7.06,15.0,15.5,5.12,0.293,0.385,0.615,0.2,0.5,0.47,32.01,4.28,0.14,0.03,11.0,2.0,-4.5,246.0,117.2,22,101.41,10
Josh Giddey,SG,PTS+AST,30.5,Memphis Grizzlies,-112,-105,0.528,0.512,-23.91,16.75,28.5,28.5,8.11,0.247,0.402,0.598,0.0,0.2,0.13,35.72,4.65,0.21,0.03,23.0,3.0,-4.5,246.0,117.2,22,101.41,10
Devin Booker,SG,AST,6.5,Utah Jazz,-105,-115,0.512,0.535,-24.64,14.79,5.7,6.0,2.75,0.291,0.386,0.614,0.4,0.4,0.27,34.54,1.51,0.33,0.07,7.67,6.0,-16.5,231.5,120.7,29,102.95,2
Brandon Miller,SF,PTS+AST,23.5,Philadelphia 76ers,-114,-105,0.533,0.512,-25.1,17.34,21.7,22.5,7.07,0.255,0.399,0.601,0.6,0.4,0.53,30.74,3.48,0.23,0.02,22.4,5.0,-6.5,230.5,114.8,17,100.33,16
Brandon Miller,SF,PTS+AST,23.5,Boston Celtics,-114,-105,0.533,0.512,-25.1,17.34,21.7,22.5,7.07,0.255,0.399,0.601,0.6,0.4,0.53,30.74,3.48,0.23,0.02,21.0,2.0,-2.5,215.5,111.5,4,95.47,30
Kon Knueppel,SG,PTS+REB+AST,26.5,Philadelphia 76ers,-121,-105,0.548,0.512,-25.3,15.39,25.2,25.0,5.65,0.23,0.409,0.591,0.2,0.4,0.4,28.64,5.55,0.21,0.03,22.0,2.0,-6.5,230.5,114.8,17,100.33,16
Kon Knueppel,SG,PTS+REB+AST,26.5,Boston Celtics,-121,-105,0.548,0.512,-25.3,15.39,25.2,25.0,5.65,0.23,0.409,0.591,0.2,0.4,0.4,28.64,5.55,0.21,0.03,24.0,1.0,-2.5,215.5,111.5,4,95.47,30
Brandon Miller,SF,PTS+REB,25.5,Boston Celtics,-113,-105,0.531,0.512,-26.11,18.7,23.5,23.0,7.29,0.274,0.392,0.608,0.6,0.4,0.4,30.74,3.48,0.23,0.02,21.5,2.0,-2.5,215.5,111.5,4,95.47,30
Brandon Miller,SF,PTS+REB,25.5,Philadelphia 76ers,-113,-105,0.531,0.512,-26.11,18.7,23.5,23.0,7.29,0.274,0.392,0.608,0.6,0.4,0.4,30.74,3.48,0.23,0.02,24.8,5.0,-6.5,230.5,114.8,17,100.33,16
Devin Booker,SG,REB+AST,10.5,Utah Jazz,100,-115,0.5,0.535,-27.0,18.72,9.4,10.0,3.2,0.344,0.365,0.635,0.4,0.5,0.33,34.54,1.51,0.33,0.07,12.0,6.0,-16.5,231.5,120.7,29,102.95,2
Julius Randle,PF,TOV,3.5,Detroit Pistons,-137,-137,0.578,0.578,-27.34,0.34,3.2,3.5,1.48,0.203,0.42,0.58,0.4,0.5,0.4,30.17,4.12,0.26,0.04,2.5,2.0,1.5,221.0,108.7,2,100.03,18
Donte DiVincenzo,SG,REB+AST,7.5,Detroit Pistons,105,-118,0.488,0.541,-28.46,20.27,6.7,6.5,2.06,0.388,0.349,0.651,0.4,0.2,0.33,28.81,3.08,0.15,0.03,6.5,2.0,1.5,221.0,108.7,2,100.03,18
Taylor Hendricks,PF,PTS+REB+AST,19.5,Chicago Bulls,-114,-110,0.533,0.524,-29.79,19.51,17.7,17.5,5.6,0.321,0.374,0.626,0.0,0.2,0.33,25.45,2.37,0.18,0.06,12.0,2.0,4.5,246.0,117.3,23,102.79,3
Brandon Miller,SF,TOV,2.5,Philadelphia 76ers,-137,-137,0.578,0.578,-31.49,4.49,2.2,2.0,1.14,0.263,0.396,0.604,0.0,0.2,0.4,30.74,3.48,0.23,0.02,1.6,5.0,-6.5,230.5,114.8,17,100.33,16
Brandon Miller,SF,TOV,2.5,Boston Celtics,-137,-137,0.578,0.578,-31.49,4.49,2.2,2.0,1.14,0.263,0.396,0.604,0.0,0.2,0.4,30.74,3.48,0.23,0.02,0.5,2.0,-2.5,215.5,111.5,4,95.47,30
Josh Giddey,SG,PTS+REB,29.5,Memphis Grizzlies,-105,-124,0.512,0.554,-31.86,17.6,26.1,29.0,8.79,0.387,0.349,0.651,0.4,0.5,0.4,35.72,4.65,0.21,0.03,25.0,3.0,-4.5,246.0,117.2,22,101.41,10
Julius Randle,PF,AST,4.5,Detroit Pistons,-113,100,0.531,0.5,-35.35,31.4,3.6,4.0,2.22,0.405,0.343,0.657,0.4,0.2,0.33,30.17,4.12,0.26,0.04,5.5,2.0,1.5,221.0,108.7,2,100.03,18
Cedric Coward,SG,3PM,1.5,Chicago Bulls,-108,101,0.519,0.498,-37.41,35.67,1.1,1.0,0.88,0.455,0.325,0.675,0.6,0.4,0.47,23.04,4.41,0.2,0.08,2.0,1.0,4.5,246.0,117.3,23,102.79,3
Donte DiVincenzo,SG,AST,3.5,Detroit Pistons,-105,-111,0.512,0.526,-40.26,31.92,2.6,2.0,1.78,0.506,0.306,0.694,0.2,0.2,0.4,28.81,3.08,0.15,0.03,3.0,2.0,1.5,221.0,108.7,2,100.03,18
Josh Giddey,SG,PTS,19.5,Memphis Grizzlies,-105,-104,0.512,0.51,-41.23,37.11,16.6,15.5,5.56,0.522,0.301,0.699,0.2,0.4,0.33,35.72,4.65,0.21,0.03,13.33,3.0,-4.5,246.0,117.2,22,101.41,10
Cedric Coward,SG,PTS+REB+AST,23.5,Chicago Bulls,-105,-113,0.512,0.531,-48.85,39.11,19.4,19.5,6.45,0.636,0.262,0.738,0.2,0.1,0.13,23.04,4.41,0.2,0.08,22.0,1.0,4.5,246.0,117.3,23,102.79,3
Julius Randle,PF,REB+AST,11.5,Detroit Pistons,100,-105,0.5,0.512,-49.8,46.23,9.9,9.5,2.38,0.672,0.251,0.749,0.4,0.3,0.4,30.17,4.12,0.26,0.04,13.0,2.0,1.5,221.0,108.7,2,100.03,18
Matas Buzelis,SF,TOV,2.5,Memphis Grizzlies,-137,-137,0.578,0.578,-53.12,26.11,2.0,2.0,0.82,0.61,0.271,0.729,0.2,0.3,0.47,32.81,6.08,0.25,0.03,0.67,3.0,-4.5,246.0,117.2,22,101.41,10
Olivier-Maxence Prosper,PF,REB+AST,7.5,Chicago Bulls,-105,-130,0.512,0.565,-56.66,37.65,5.2,4.5,3.01,0.764,0.222,0.778,0.4,0.3,0.33,25.46,3.87,0.19,0.04,2.0,2.0,4.5,246.0,117.3,23,102.79,3
Julius Randle,PF,PTS,24.5,Detroit Pistons,-105,-109,0.512,0.522,-58.02,50.52,17.9,15.5,8.36,0.789,0.215,0.785,0.4,0.2,0.13,30.17,4.12,0.26,0.04,21.5,2.0,1.5,221.0,108.7,2,100.03,18
Julius Randle,PF,PTS+REB,31.5,Detroit Pistons,-104,-110,0.51,0.524,-61.75,53.68,24.2,22.5,8.5,0.859,0.195,0.805,0.4,0.2,0.2,30.17,4.12,0.26,0.04,29.0,2.0,1.5,221.0,108.7,2,100.03,18
Julius Randle,PF,PTS+AST,29.5,Detroit Pistons,-106,-109,0.515,0.522,-61.91,54.16,21.5,18.5,9.34,0.857,0.196,0.804,0.4,0.2,0.13,30.17,4.12,0.26,0.04,27.0,2.0,1.5,221.0,108.7,2,100.03,18
Julius Randle,PF,PTS+REB+AST,36.5,Detroit Pistons,102,-108,0.495,0.519,-65.46,59.66,27.8,26.0,9.17,0.949,0.171,0.829,0.4,0.2,0.2,30.17,4.12,0.26,0.04,34.5,2.0,1.5,221.0,108.7,2,100.03,18
Donte DiVincenzo,SG,PTS+REB+AST,21.5,Detroit Pistons,-105,-110,0.512,0.524,-65.64,57.31,15.0,14.5,6.98,0.931,0.176,0.824,0.2,0.2,0.33,28.81,3.08,0.15,0.03,12.0,2.0,1.5,221.0,108.7,2,100.03,18
Donte DiVincenzo,SG,PTS,13.5,Detroit Pistons,-111,100,0.526,0.5,-66.16,64.4,8.3,8.0,5.64,0.922,0.178,0.822,0.2,0.2,0.33,28.81,3.08,0.15,0.03,5.5,2.0,1.5,221.0,108.7,2,100.03,18
Olivier-Maxence Prosper,PF,PTS+REB,20.5,Chicago Bulls,-108,-105,0.519,0.512,-77.47,72.4,16.9,17.0,3.03,1.188,0.117,0.883,0.2,0.1,0.2,25.46,3.87,0.19,0.04,11.5,2.0,4.5,246.0,117.3,23,102.79,3
Olivier-Maxence Prosper,PF,PTS+REB+AST,23.5,Chicago Bulls,-105,-118,0.512,0.541,-93.36,78.46,17.9,18.5,3.07,1.824,0.034,0.966,0.0,0.0,0.13,25.46,3.87,0.19,0.04,11.5,2.0,4.5,246.0,117.3,23,102.79,3
